roll_no,Class,Section,Branch
4731,Daycare,A,SATELLITE TOWN NURSERY BRANCH RWP
4973,Daycare,A,SATELLITE TOWN NURSERY BRANCH RWP
5177,Daycare,A,SATELLITE TOWN NURSERY BRANCH RWP
5161,Play Group,A,SATELLITE TOWN NURSERY BRANCH RWP
5096,Play Group,A,SATELLITE TOWN NURSERY BRANCH RWP
5110,Play Group,A,SATELLITE TOWN NURSERY BRANCH RWP
5030,Play Group,A,SATELLITE TOWN NURSERY BRANCH RWP
4838,Play Group,A,SATELLITE TOWN NURSERY BRANCH RWP
4889,Play Group,A,SATELLITE TOWN NURSERY BRANCH RWP
4547,Play Group,A,SATELLITE TOWN NURSERY BRANCH RWP
4663,PRE NURSERY,A,SATELLITE TOWN NURSERY BRANCH RWP
4683,PRE NURSERY,A,SATELLITE TOWN NURSERY BRANCH RWP
5028,PRE NURSERY,A,SATELLITE TOWN NURSERY BRANCH RWP
5026,PRE NURSERY,A,SATELLITE TOWN NURSERY BRANCH RWP
5037,PRE NURSERY,A,SATELLITE TOWN NURSERY BRANCH RWP
5002,PRE NURSERY,A,SATELLITE TOWN NURSERY BRANCH RWP
4993,PRE NURSERY,A,SATELLITE TOWN NURSERY BRANCH RWP
5006,PRE NURSERY,A,SATELLITE TOWN NURSERY BRANCH RWP
4975,PRE NURSERY,A,SATELLITE TOWN NURSERY BRANCH RWP
4977,PRE NURSERY,A,SATELLITE TOWN NURSERY BRANCH RWP
5014,PRE NURSERY,A,SATELLITE TOWN NURSERY BRANCH RWP
5008,PRE NURSERY,A,SATELLITE TOWN NURSERY BRANCH RWP
4953,PRE NURSERY,A,SATELLITE TOWN NURSERY BRANCH RWP
4952,PRE NURSERY,A,SATELLITE TOWN NURSERY BRANCH RWP
4937,PRE NURSERY,A,SATELLITE TOWN NURSERY BRANCH RWP
4960,PRE NURSERY,A,SATELLITE TOWN NURSERY BRANCH RWP
5108,PRE NURSERY,A,SATELLITE TOWN NURSERY BRANCH RWP
5095,PRE NURSERY,A,SATELLITE TOWN NURSERY BRANCH RWP
5079,PRE NURSERY,A,SATELLITE TOWN NURSERY BRANCH RWP
5127,PRE NURSERY,A,SATELLITE TOWN NURSERY BRANCH RWP
5053,PRE NURSERY,A,SATELLITE TOWN NURSERY BRANCH RWP
5039,PRE NURSERY,A,SATELLITE TOWN NURSERY BRANCH RWP
5054,PRE NURSERY,A,SATELLITE TOWN NURSERY BRANCH RWP
5077,PRE NURSERY,A,SATELLITE TOWN NURSERY BRANCH RWP
5160,PRE NURSERY,A,SATELLITE TOWN NURSERY BRANCH RWP
5150,PRE NURSERY,A,SATELLITE TOWN NURSERY BRANCH RWP
5134,PRE NURSERY,A,SATELLITE TOWN NURSERY BRANCH RWP
5135,PRE NURSERY,A,SATELLITE TOWN NURSERY BRANCH RWP
5137,PRE NURSERY,A,SATELLITE TOWN NURSERY BRANCH RWP
5151,PRE NURSERY,A,SATELLITE TOWN NURSERY BRANCH RWP
5136,Nursery,A,SATELLITE TOWN NURSERY BRANCH RWP
5169,Nursery,A,SATELLITE TOWN NURSERY BRANCH RWP
5171,Nursery,A,SATELLITE TOWN NURSERY BRANCH RWP
5163,Nursery,A,SATELLITE TOWN NURSERY BRANCH RWP
5105,Nursery,A,SATELLITE TOWN NURSERY BRANCH RWP
5111,Nursery,A,SATELLITE TOWN NURSERY BRANCH RWP
4950,Nursery,A,SATELLITE TOWN NURSERY BRANCH RWP
4911,Nursery,A,SATELLITE TOWN NURSERY BRANCH RWP
4811,Nursery,A,SATELLITE TOWN NURSERY BRANCH RWP
4816,Nursery,A,SATELLITE TOWN NURSERY BRANCH RWP
4755,Nursery,A,SATELLITE TOWN NURSERY BRANCH RWP
4715,Nursery,A,SATELLITE TOWN NURSERY BRANCH RWP
4767,Nursery,A,SATELLITE TOWN NURSERY BRANCH RWP
4783,Nursery,A,SATELLITE TOWN NURSERY BRANCH RWP
4580,Nursery,A,SATELLITE TOWN NURSERY BRANCH RWP
4540,Nursery,A,SATELLITE TOWN NURSERY BRANCH RWP
4527,Nursery,A,SATELLITE TOWN NURSERY BRANCH RWP
4552,Nursery,A,SATELLITE TOWN NURSERY BRANCH RWP
4471,Nursery,A,SATELLITE TOWN NURSERY BRANCH RWP
4778,Nursery,B,SATELLITE TOWN NURSERY BRANCH RWP
4740,Nursery,B,SATELLITE TOWN NURSERY BRANCH RWP
4856,Nursery,B,SATELLITE TOWN NURSERY BRANCH RWP
4891,Nursery,B,SATELLITE TOWN NURSERY BRANCH RWP
4857,Nursery,B,SATELLITE TOWN NURSERY BRANCH RWP
4868,Nursery,B,SATELLITE TOWN NURSERY BRANCH RWP
4881,Nursery,B,SATELLITE TOWN NURSERY BRANCH RWP
4909,Nursery,B,SATELLITE TOWN NURSERY BRANCH RWP
4910,Nursery,B,SATELLITE TOWN NURSERY BRANCH RWP
5062,Nursery,B,SATELLITE TOWN NURSERY BRANCH RWP
5112,Nursery,B,SATELLITE TOWN NURSERY BRANCH RWP
5068,Nursery,B,SATELLITE TOWN NURSERY BRANCH RWP
5097,Nursery,B,SATELLITE TOWN NURSERY BRANCH RWP
5035,KG,A,SATELLITE TOWN NURSERY BRANCH RWP
5073,KG,A,SATELLITE TOWN NURSERY BRANCH RWP
5172,KG,A,SATELLITE TOWN NURSERY BRANCH RWP
4972,KG,A,SATELLITE TOWN NURSERY BRANCH RWP
4934,KG,A,SATELLITE TOWN NURSERY BRANCH RWP
4962,KG,A,SATELLITE TOWN NURSERY BRANCH RWP
4964,KG,A,SATELLITE TOWN NURSERY BRANCH RWP
4965,KG,A,SATELLITE TOWN NURSERY BRANCH RWP
4823,KG,A,SATELLITE TOWN NURSERY BRANCH RWP
4472,KG,A,SATELLITE TOWN NURSERY BRANCH RWP
4490,KG,A,SATELLITE TOWN NURSERY BRANCH RWP
4573,KG,A,SATELLITE TOWN NURSERY BRANCH RWP
4553,KG,A,SATELLITE TOWN NURSERY BRANCH RWP
4557,KG,A,SATELLITE TOWN NURSERY BRANCH RWP
4630,KG,A,SATELLITE TOWN NURSERY BRANCH RWP
4705,KG,A,SATELLITE TOWN NURSERY BRANCH RWP
4673,KG,A,SATELLITE TOWN NURSERY BRANCH RWP
4227,KG,A,SATELLITE TOWN NURSERY BRANCH RWP
4310,KG,A,SATELLITE TOWN NURSERY BRANCH RWP
4377,KG,A,SATELLITE TOWN NURSERY BRANCH RWP
3767,KG,A,SATELLITE TOWN NURSERY BRANCH RWP
3947,KG,B,SATELLITE TOWN NURSERY BRANCH RWP
4422,KG,B,SATELLITE TOWN NURSERY BRANCH RWP
4261,KG,B,SATELLITE TOWN NURSERY BRANCH RWP
4677,KG,B,SATELLITE TOWN NURSERY BRANCH RWP
4583,KG,B,SATELLITE TOWN NURSERY BRANCH RWP
4604,KG,B,SATELLITE TOWN NURSERY BRANCH RWP
4565,KG,B,SATELLITE TOWN NURSERY BRANCH RWP
4572,KG,B,SATELLITE TOWN NURSERY BRANCH RWP
4482,KG,B,SATELLITE TOWN NURSERY BRANCH RWP
4855,KG,B,SATELLITE TOWN NURSERY BRANCH RWP
4920,KG,B,SATELLITE TOWN NURSERY BRANCH RWP
4758,KG,B,SATELLITE TOWN NURSERY BRANCH RWP
4747,KG,B,SATELLITE TOWN NURSERY BRANCH RWP
4709,KG,B,SATELLITE TOWN NURSERY BRANCH RWP
4978,KG,B,SATELLITE TOWN NURSERY BRANCH RWP
5036,KG,B,SATELLITE TOWN NURSERY BRANCH RWP
5165,KG,B,SATELLITE TOWN NURSERY BRANCH RWP
5168,KG,B,SATELLITE TOWN NURSERY BRANCH RWP
5092,KG,B,SATELLITE TOWN NURSERY BRANCH RWP
5167,KG,C,SATELLITE TOWN NURSERY BRANCH RWP
4971,KG,C,SATELLITE TOWN NURSERY BRANCH RWP
4954,KG,C,SATELLITE TOWN NURSERY BRANCH RWP
4914,KG,C,SATELLITE TOWN NURSERY BRANCH RWP
4701,KG,C,SATELLITE TOWN NURSERY BRANCH RWP
4749,KG,C,SATELLITE TOWN NURSERY BRANCH RWP
4842,KG,C,SATELLITE TOWN NURSERY BRANCH RWP
4886,KG,C,SATELLITE TOWN NURSERY BRANCH RWP
4878,KG,C,SATELLITE TOWN NURSERY BRANCH RWP
4566,KG,C,SATELLITE TOWN NURSERY BRANCH RWP
4551,KG,C,SATELLITE TOWN NURSERY BRANCH RWP
4571,KG,C,SATELLITE TOWN NURSERY BRANCH RWP
4679,KG,C,SATELLITE TOWN NURSERY BRANCH RWP
4680,KG,C,SATELLITE TOWN NURSERY BRANCH RWP
4665,KG,C,SATELLITE TOWN NURSERY BRANCH RWP
4250,KG,C,SATELLITE TOWN NURSERY BRANCH RWP
4249,KG,C,SATELLITE TOWN NURSERY BRANCH RWP
4244,KG,C,SATELLITE TOWN NURSERY BRANCH RWP
4403,KG,C,SATELLITE TOWN NURSERY BRANCH RWP
4347,KG,C,SATELLITE TOWN NURSERY BRANCH RWP
4333,Grade-1,A,SATELLITE TOWN NURSERY BRANCH RWP
4251,Grade-1,A,SATELLITE TOWN NURSERY BRANCH RWP
4338,Grade-1,A,SATELLITE TOWN NURSERY BRANCH RWP
4259,Grade-1,A,SATELLITE TOWN NURSERY BRANCH RWP
4279,Grade-1,A,SATELLITE TOWN NURSERY BRANCH RWP
4274,Grade-1,A,SATELLITE TOWN NURSERY BRANCH RWP
4282,Grade-1,A,SATELLITE TOWN NURSERY BRANCH RWP
4578,Grade-1,A,SATELLITE TOWN NURSERY BRANCH RWP
4544,Grade-1,A,SATELLITE TOWN NURSERY BRANCH RWP
4558,Grade-1,A,SATELLITE TOWN NURSERY BRANCH RWP
4859,Grade-1,A,SATELLITE TOWN NURSERY BRANCH RWP
4738,Grade-1,A,SATELLITE TOWN NURSERY BRANCH RWP
4935,Grade-1,A,SATELLITE TOWN NURSERY BRANCH RWP
5013,Grade-1,A,SATELLITE TOWN NURSERY BRANCH RWP
3887,Grade-1,A,SATELLITE TOWN NURSERY BRANCH RWP
3857,Grade-1,A,SATELLITE TOWN NURSERY BRANCH RWP
3919,Grade-1,A,SATELLITE TOWN NURSERY BRANCH RWP
4179,Grade-1,A,SATELLITE TOWN NURSERY BRANCH RWP
5170,Grade-1,A,SATELLITE TOWN NURSERY BRANCH RWP
5164,Grade-1,A,SATELLITE TOWN NURSERY BRANCH RWP
5045,Grade-1,A,SATELLITE TOWN NURSERY BRANCH RWP
4191,Grade-1,B,SATELLITE TOWN NURSERY BRANCH RWP
4193,Grade-1,B,SATELLITE TOWN NURSERY BRANCH RWP
4194,Grade-1,B,SATELLITE TOWN NURSERY BRANCH RWP
4131,Grade-1,B,SATELLITE TOWN NURSERY BRANCH RWP
4075,Grade-1,B,SATELLITE TOWN NURSERY BRANCH RWP
4061,Grade-1,B,SATELLITE TOWN NURSERY BRANCH RWP
3883,Grade-1,B,SATELLITE TOWN NURSERY BRANCH RWP
3918,Grade-1,B,SATELLITE TOWN NURSERY BRANCH RWP
4908,Grade-1,B,SATELLITE TOWN NURSERY BRANCH RWP
4897,Grade-1,B,SATELLITE TOWN NURSERY BRANCH RWP
4728,Grade-1,B,SATELLITE TOWN NURSERY BRANCH RWP
4841,Grade-1,B,SATELLITE TOWN NURSERY BRANCH RWP
4584,Grade-1,B,SATELLITE TOWN NURSERY BRANCH RWP
4609,Grade-1,B,SATELLITE TOWN NURSERY BRANCH RWP
4268,Grade-1,B,SATELLITE TOWN NURSERY BRANCH RWP
4245,Grade-1,B,SATELLITE TOWN NURSERY BRANCH RWP
4426,Grade-1,B,SATELLITE TOWN NURSERY BRANCH RWP
4312,Grade-1,C,SATELLITE TOWN NURSERY BRANCH RWP
4439,Grade-1,C,SATELLITE TOWN NURSERY BRANCH RWP
4242,Grade-1,C,SATELLITE TOWN NURSERY BRANCH RWP
4238,Grade-1,C,SATELLITE TOWN NURSERY BRANCH RWP
4213,Grade-1,C,SATELLITE TOWN NURSERY BRANCH RWP
4340,Grade-1,C,SATELLITE TOWN NURSERY BRANCH RWP
4267,Grade-1,C,SATELLITE TOWN NURSERY BRANCH RWP
4605,Grade-1,C,SATELLITE TOWN NURSERY BRANCH RWP
4660,Grade-1,C,SATELLITE TOWN NURSERY BRANCH RWP
4919,Grade-1,C,SATELLITE TOWN NURSERY BRANCH RWP
4850,Grade-1,C,SATELLITE TOWN NURSERY BRANCH RWP
4890,Grade-1,C,SATELLITE TOWN NURSERY BRANCH RWP
4695,Grade-1,C,SATELLITE TOWN NURSERY BRANCH RWP
4939,Grade-1,C,SATELLITE TOWN NURSERY BRANCH RWP
3888,Grade-1,C,SATELLITE TOWN NURSERY BRANCH RWP
4013,Grade-1,C,SATELLITE TOWN NURSERY BRANCH RWP
4121,Grade-1,C,SATELLITE TOWN NURSERY BRANCH RWP
5076,Grade-1,C,SATELLITE TOWN NURSERY BRANCH RWP
5162,Grade-1,C,SATELLITE TOWN NURSERY BRANCH RWP
5086,Grade-5,A,I-8/4 SENIOR BRANCH ISLAMABAD
4055,Grade-5,A,I-8/4 SENIOR BRANCH ISLAMABAD
4011,Grade-5,A,I-8/4 SENIOR BRANCH ISLAMABAD
4074,Grade-5,A,I-8/4 SENIOR BRANCH ISLAMABAD
4143,Grade-5,A,I-8/4 SENIOR BRANCH ISLAMABAD
2835,Grade-5,A,I-8/4 SENIOR BRANCH ISLAMABAD
2778,Grade-5,A,I-8/4 SENIOR BRANCH ISLAMABAD
2892,Grade-5,A,I-8/4 SENIOR BRANCH ISLAMABAD
1075,Grade-5,A,I-8/4 SENIOR BRANCH ISLAMABAD
1777,Grade-5,A,I-8/4 SENIOR BRANCH ISLAMABAD
1887,Grade-5,A,I-8/4 SENIOR BRANCH ISLAMABAD
2042,Grade-5,A,I-8/4 SENIOR BRANCH ISLAMABAD
2126,Grade-5,A,I-8/4 SENIOR BRANCH ISLAMABAD
2236,Grade-5,A,I-8/4 SENIOR BRANCH ISLAMABAD
2276,Grade-5,A,I-8/4 SENIOR BRANCH ISLAMABAD
2405,Grade-5,A,I-8/4 SENIOR BRANCH ISLAMABAD
2391,Grade-5,A,I-8/4 SENIOR BRANCH ISLAMABAD
2396,Grade-5,A,I-8/4 SENIOR BRANCH ISLAMABAD
2452,Grade-5,A,I-8/4 SENIOR BRANCH ISLAMABAD
4982,Grade-5,A,I-8/4 SENIOR BRANCH ISLAMABAD
4657,Grade-5,A,I-8/4 SENIOR BRANCH ISLAMABAD
4475,Grade-5,A,I-8/4 SENIOR BRANCH ISLAMABAD
4406,Grade-5,A,I-8/4 SENIOR BRANCH ISLAMABAD
4359,Grade-5,B,I-8/4 SENIOR BRANCH ISLAMABAD
4212,Grade-5,B,I-8/4 SENIOR BRANCH ISLAMABAD
4507,Grade-5,B,I-8/4 SENIOR BRANCH ISLAMABAD
2461,Grade-5,B,I-8/4 SENIOR BRANCH ISLAMABAD
2428,Grade-5,B,I-8/4 SENIOR BRANCH ISLAMABAD
2382,Grade-5,B,I-8/4 SENIOR BRANCH ISLAMABAD
2440,Grade-5,B,I-8/4 SENIOR BRANCH ISLAMABAD
2315,Grade-5,B,I-8/4 SENIOR BRANCH ISLAMABAD
2366,Grade-5,B,I-8/4 SENIOR BRANCH ISLAMABAD
2129,Grade-5,B,I-8/4 SENIOR BRANCH ISLAMABAD
2153,Grade-5,B,I-8/4 SENIOR BRANCH ISLAMABAD
2158,Grade-5,B,I-8/4 SENIOR BRANCH ISLAMABAD
2118,Grade-5,B,I-8/4 SENIOR BRANCH ISLAMABAD
2123,Grade-5,B,I-8/4 SENIOR BRANCH ISLAMABAD
2072,Grade-5,B,I-8/4 SENIOR BRANCH ISLAMABAD
1856,Grade-5,B,I-8/4 SENIOR BRANCH ISLAMABAD
1123,Grade-5,B,I-8/4 SENIOR BRANCH ISLAMABAD
2912,Grade-5,B,I-8/4 SENIOR BRANCH ISLAMABAD
2718,Grade-5,C,I-8/4 SENIOR BRANCH ISLAMABAD
3984,Grade-5,C,I-8/4 SENIOR BRANCH ISLAMABAD
3996,Grade-5,C,I-8/4 SENIOR BRANCH ISLAMABAD
3900,Grade-5,C,I-8/4 SENIOR BRANCH ISLAMABAD
4050,Grade-5,C,I-8/4 SENIOR BRANCH ISLAMABAD
1092,Grade-5,C,I-8/4 SENIOR BRANCH ISLAMABAD
2037,Grade-5,C,I-8/4 SENIOR BRANCH ISLAMABAD
2073,Grade-5,C,I-8/4 SENIOR BRANCH ISLAMABAD
2377,Grade-5,C,I-8/4 SENIOR BRANCH ISLAMABAD
2372,Grade-5,C,I-8/4 SENIOR BRANCH ISLAMABAD
2241,Grade-5,C,I-8/4 SENIOR BRANCH ISLAMABAD
2483,Grade-5,C,I-8/4 SENIOR BRANCH ISLAMABAD
2415,Grade-5,C,I-8/4 SENIOR BRANCH ISLAMABAD
2498,Grade-5,C,I-8/4 SENIOR BRANCH ISLAMABAD
4639,Grade-5,C,I-8/4 SENIOR BRANCH ISLAMABAD
4789,Grade-5,C,I-8/4 SENIOR BRANCH ISLAMABAD
4883,PRE NURSERY,BLUE,I-8/4 NURSERY BRANCH ISLAMABAD
4902,PRE NURSERY,BLUE,I-8/4 NURSERY BRANCH ISLAMABAD
4989,PRE NURSERY,BLUE,I-8/4 NURSERY BRANCH ISLAMABAD
5009,PRE NURSERY,BLUE,I-8/4 NURSERY BRANCH ISLAMABAD
4983,PRE NURSERY,BLUE,I-8/4 NURSERY BRANCH ISLAMABAD
4888,PRE NURSERY,BLUE,I-8/4 NURSERY BRANCH ISLAMABAD
5016,PRE NURSERY,BLUE,I-8/4 NURSERY BRANCH ISLAMABAD
4963,PRE NURSERY,BLUE,I-8/4 NURSERY BRANCH ISLAMABAD
4464,PRE NURSERY,BLUE,I-8/4 NURSERY BRANCH ISLAMABAD
5140,PRE NURSERY,BLUE,I-8/4 NURSERY BRANCH ISLAMABAD
5102,PRE NURSERY,BLUE,I-8/4 NURSERY BRANCH ISLAMABAD
5129,PRE NURSERY,BLUE,I-8/4 NURSERY BRANCH ISLAMABAD
5114,PRE NURSERY,BLUE,I-8/4 NURSERY BRANCH ISLAMABAD
5074,PRE NURSERY,BLUE,I-8/4 NURSERY BRANCH ISLAMABAD
5021,PRE NURSERY,BLUE,I-8/4 NURSERY BRANCH ISLAMABAD
5157,PRE NURSERY,BLUE,I-8/4 NURSERY BRANCH ISLAMABAD
5181,PRE NURSERY,BLUE,I-8/4 NURSERY BRANCH ISLAMABAD
5182,PRE NURSERY,RED,I-8/4 NURSERY BRANCH ISLAMABAD
5166,PRE NURSERY,RED,I-8/4 NURSERY BRANCH ISLAMABAD
5139,PRE NURSERY,RED,I-8/4 NURSERY BRANCH ISLAMABAD
5132,PRE NURSERY,RED,I-8/4 NURSERY BRANCH ISLAMABAD
5057,PRE NURSERY,RED,I-8/4 NURSERY BRANCH ISLAMABAD
5067,PRE NURSERY,RED,I-8/4 NURSERY BRANCH ISLAMABAD
5061,PRE NURSERY,RED,I-8/4 NURSERY BRANCH ISLAMABAD
4461,PRE NURSERY,RED,I-8/4 NURSERY BRANCH ISLAMABAD
4997,PRE NURSERY,RED,I-8/4 NURSERY BRANCH ISLAMABAD
4998,PRE NURSERY,RED,I-8/4 NURSERY BRANCH ISLAMABAD
4990,PRE NURSERY,RED,I-8/4 NURSERY BRANCH ISLAMABAD
4991,PRE NURSERY,RED,I-8/4 NURSERY BRANCH ISLAMABAD
5005,PRE NURSERY,RED,I-8/4 NURSERY BRANCH ISLAMABAD
4999,PRE NURSERY,RED,I-8/4 NURSERY BRANCH ISLAMABAD
4880,PRE NURSERY,RED,I-8/4 NURSERY BRANCH ISLAMABAD
4944,PRE NURSERY,RED,I-8/4 NURSERY BRANCH ISLAMABAD
4854,PRE NURSERY,RED,I-8/4 NURSERY BRANCH ISLAMABAD
4825,PRE NURSERY,RED,I-8/4 NURSERY BRANCH ISLAMABAD
4790,PRE NURSERY,RED,I-8/4 NURSERY BRANCH ISLAMABAD
4183,PRE NURSERY,RED,I-8/4 NURSERY BRANCH ISLAMABAD
3833,PRE NURSERY,RED,I-8/4 NURSERY BRANCH ISLAMABAD
3868,PRE NURSERY,RED,I-8/4 NURSERY BRANCH ISLAMABAD
4870,PRE NURSERY,GREEN,I-8/4 NURSERY BRANCH ISLAMABAD
4873,PRE NURSERY,GREEN,I-8/4 NURSERY BRANCH ISLAMABAD
4884,PRE NURSERY,GREEN,I-8/4 NURSERY BRANCH ISLAMABAD
4894,PRE NURSERY,GREEN,I-8/4 NURSERY BRANCH ISLAMABAD
5015,PRE NURSERY,GREEN,I-8/4 NURSERY BRANCH ISLAMABAD
5017,PRE NURSERY,GREEN,I-8/4 NURSERY BRANCH ISLAMABAD
5022,PRE NURSERY,GREEN,I-8/4 NURSERY BRANCH ISLAMABAD
5020,PRE NURSERY,GREEN,I-8/4 NURSERY BRANCH ISLAMABAD
4942,PRE NURSERY,GREEN,I-8/4 NURSERY BRANCH ISLAMABAD
4912,PRE NURSERY,GREEN,I-8/4 NURSERY BRANCH ISLAMABAD
5120,PRE NURSERY,GREEN,I-8/4 NURSERY BRANCH ISLAMABAD
5104,PRE NURSERY,GREEN,I-8/4 NURSERY BRANCH ISLAMABAD
5109,PRE NURSERY,GREEN,I-8/4 NURSERY BRANCH ISLAMABAD
5154,PRE NURSERY,GREEN,I-8/4 NURSERY BRANCH ISLAMABAD
5158,PRE NURSERY,GREEN,I-8/4 NURSERY BRANCH ISLAMABAD
5152,PRE NURSERY,GREEN,I-8/4 NURSERY BRANCH ISLAMABAD
5176,PRE NURSERY,GREEN,I-8/4 NURSERY BRANCH ISLAMABAD
5148,Nursery,BLUE,I-8/4 NURSERY BRANCH ISLAMABAD
5121,Nursery,BLUE,I-8/4 NURSERY BRANCH ISLAMABAD
5144,Nursery,BLUE,I-8/4 NURSERY BRANCH ISLAMABAD
5056,Nursery,BLUE,I-8/4 NURSERY BRANCH ISLAMABAD
4927,Nursery,BLUE,I-8/4 NURSERY BRANCH ISLAMABAD
4885,Nursery,BLUE,I-8/4 NURSERY BRANCH ISLAMABAD
4901,Nursery,BLUE,I-8/4 NURSERY BRANCH ISLAMABAD
4862,Nursery,BLUE,I-8/4 NURSERY BRANCH ISLAMABAD
4804,Nursery,BLUE,I-8/4 NURSERY BRANCH ISLAMABAD
4830,Nursery,BLUE,I-8/4 NURSERY BRANCH ISLAMABAD
4554,Nursery,BLUE,I-8/4 NURSERY BRANCH ISLAMABAD
4616,Nursery,BLUE,I-8/4 NURSERY BRANCH ISLAMABAD
4664,Nursery,BLUE,I-8/4 NURSERY BRANCH ISLAMABAD
4648,Nursery,BLUE,I-8/4 NURSERY BRANCH ISLAMABAD
4688,Nursery,BLUE,I-8/4 NURSERY BRANCH ISLAMABAD
4687,Nursery,BLUE,I-8/4 NURSERY BRANCH ISLAMABAD
4385,Nursery,BLUE,I-8/4 NURSERY BRANCH ISLAMABAD
3023,Nursery,BLUE,I-8/4 NURSERY BRANCH ISLAMABAD
4528,Nursery,RED,I-8/4 NURSERY BRANCH ISLAMABAD
4810,Nursery,RED,I-8/4 NURSERY BRANCH ISLAMABAD
4845,Nursery,RED,I-8/4 NURSERY BRANCH ISLAMABAD
4837,Nursery,RED,I-8/4 NURSERY BRANCH ISLAMABAD
4829,Nursery,RED,I-8/4 NURSERY BRANCH ISLAMABAD
4874,Nursery,RED,I-8/4 NURSERY BRANCH ISLAMABAD
4875,Nursery,RED,I-8/4 NURSERY BRANCH ISLAMABAD
4867,Nursery,RED,I-8/4 NURSERY BRANCH ISLAMABAD
4869,Nursery,RED,I-8/4 NURSERY BRANCH ISLAMABAD
4712,Nursery,RED,I-8/4 NURSERY BRANCH ISLAMABAD
4727,Nursery,RED,I-8/4 NURSERY BRANCH ISLAMABAD
4737,Nursery,RED,I-8/4 NURSERY BRANCH ISLAMABAD
4722,Nursery,RED,I-8/4 NURSERY BRANCH ISLAMABAD
4928,Nursery,RED,I-8/4 NURSERY BRANCH ISLAMABAD
4895,Nursery,RED,I-8/4 NURSERY BRANCH ISLAMABAD
4879,Nursery,RED,I-8/4 NURSERY BRANCH ISLAMABAD
5065,Nursery,RED,I-8/4 NURSERY BRANCH ISLAMABAD
5072,Nursery,RED,I-8/4 NURSERY BRANCH ISLAMABAD
5133,Nursery,RED,I-8/4 NURSERY BRANCH ISLAMABAD
5159,Nursery,YELLOW,I-8/4 NURSERY BRANCH ISLAMABAD
5138,Nursery,YELLOW,I-8/4 NURSERY BRANCH ISLAMABAD
5179,Nursery,YELLOW,I-8/4 NURSERY BRANCH ISLAMABAD
5119,Nursery,YELLOW,I-8/4 NURSERY BRANCH ISLAMABAD
5103,Nursery,YELLOW,I-8/4 NURSERY BRANCH ISLAMABAD
5107,Nursery,YELLOW,I-8/4 NURSERY BRANCH ISLAMABAD
4905,Nursery,YELLOW,I-8/4 NURSERY BRANCH ISLAMABAD
4929,Nursery,YELLOW,I-8/4 NURSERY BRANCH ISLAMABAD
5046,Nursery,YELLOW,I-8/4 NURSERY BRANCH ISLAMABAD
5029,Nursery,YELLOW,I-8/4 NURSERY BRANCH ISLAMABAD
4700,Nursery,YELLOW,I-8/4 NURSERY BRANCH ISLAMABAD
4797,Nursery,YELLOW,I-8/4 NURSERY BRANCH ISLAMABAD
4887,Nursery,YELLOW,I-8/4 NURSERY BRANCH ISLAMABAD
4892,Nursery,YELLOW,I-8/4 NURSERY BRANCH ISLAMABAD
4872,Nursery,YELLOW,I-8/4 NURSERY BRANCH ISLAMABAD
4803,Nursery,YELLOW,I-8/4 NURSERY BRANCH ISLAMABAD
4791,Nursery,YELLOW,I-8/4 NURSERY BRANCH ISLAMABAD
4550,Nursery,YELLOW,I-8/4 NURSERY BRANCH ISLAMABAD
4480,Nursery,YELLOW,I-8/4 NURSERY BRANCH ISLAMABAD
4622,Nursery,YELLOW,I-8/4 NURSERY BRANCH ISLAMABAD
4103,Nursery,YELLOW,I-8/4 NURSERY BRANCH ISLAMABAD
3832,Nursery,PURPLE,I-8/4 NURSERY BRANCH ISLAMABAD
4766,Nursery,PURPLE,I-8/4 NURSERY BRANCH ISLAMABAD
4828,Nursery,PURPLE,I-8/4 NURSERY BRANCH ISLAMABAD
4771,Nursery,PURPLE,I-8/4 NURSERY BRANCH ISLAMABAD
4699,Nursery,PURPLE,I-8/4 NURSERY BRANCH ISLAMABAD
4759,Nursery,PURPLE,I-8/4 NURSERY BRANCH ISLAMABAD
4703,Nursery,PURPLE,I-8/4 NURSERY BRANCH ISLAMABAD
4711,Nursery,PURPLE,I-8/4 NURSERY BRANCH ISLAMABAD
5038,Nursery,PURPLE,I-8/4 NURSERY BRANCH ISLAMABAD
5042,Nursery,PURPLE,I-8/4 NURSERY BRANCH ISLAMABAD
4986,Nursery,PURPLE,I-8/4 NURSERY BRANCH ISLAMABAD
4985,Nursery,PURPLE,I-8/4 NURSERY BRANCH ISLAMABAD
4941,Nursery,PURPLE,I-8/4 NURSERY BRANCH ISLAMABAD
4943,Nursery,PURPLE,I-8/4 NURSERY BRANCH ISLAMABAD
5059,Nursery,PURPLE,I-8/4 NURSERY BRANCH ISLAMABAD
5055,Nursery,PURPLE,I-8/4 NURSERY BRANCH ISLAMABAD
5041,Nursery,PURPLE,I-8/4 NURSERY BRANCH ISLAMABAD
5118,Nursery,GREEN,I-8/4 NURSERY BRANCH ISLAMABAD
5130,Nursery,GREEN,I-8/4 NURSERY BRANCH ISLAMABAD
5131,Nursery,GREEN,I-8/4 NURSERY BRANCH ISLAMABAD
5143,Nursery,GREEN,I-8/4 NURSERY BRANCH ISLAMABAD
4979,Nursery,GREEN,I-8/4 NURSERY BRANCH ISLAMABAD
4925,Nursery,GREEN,I-8/4 NURSERY BRANCH ISLAMABAD
4951,Nursery,GREEN,I-8/4 NURSERY BRANCH ISLAMABAD
4918,Nursery,GREEN,I-8/4 NURSERY BRANCH ISLAMABAD
4974,Nursery,GREEN,I-8/4 NURSERY BRANCH ISLAMABAD
5027,Nursery,GREEN,I-8/4 NURSERY BRANCH ISLAMABAD
5018,Nursery,GREEN,I-8/4 NURSERY BRANCH ISLAMABAD
5031,Nursery,GREEN,I-8/4 NURSERY BRANCH ISLAMABAD
4994,Nursery,GREEN,I-8/4 NURSERY BRANCH ISLAMABAD
4765,Nursery,GREEN,I-8/4 NURSERY BRANCH ISLAMABAD
4807,Nursery,GREEN,I-8/4 NURSERY BRANCH ISLAMABAD
4787,Nursery,GREEN,I-8/4 NURSERY BRANCH ISLAMABAD
4549,Nursery,GREEN,I-8/4 NURSERY BRANCH ISLAMABAD
4072,Nursery,GREEN,I-8/4 NURSERY BRANCH ISLAMABAD
4530,KG,BLUE,I-8/4 NURSERY BRANCH ISLAMABAD
4555,KG,BLUE,I-8/4 NURSERY BRANCH ISLAMABAD
4511,KG,BLUE,I-8/4 NURSERY BRANCH ISLAMABAD
4632,KG,BLUE,I-8/4 NURSERY BRANCH ISLAMABAD
4623,KG,BLUE,I-8/4 NURSERY BRANCH ISLAMABAD
4618,KG,BLUE,I-8/4 NURSERY BRANCH ISLAMABAD
4651,KG,BLUE,I-8/4 NURSERY BRANCH ISLAMABAD
4378,KG,BLUE,I-8/4 NURSERY BRANCH ISLAMABAD
4444,KG,BLUE,I-8/4 NURSERY BRANCH ISLAMABAD
4429,KG,BLUE,I-8/4 NURSERY BRANCH ISLAMABAD
4358,KG,BLUE,I-8/4 NURSERY BRANCH ISLAMABAD
4283,KG,BLUE,I-8/4 NURSERY BRANCH ISLAMABAD
4285,KG,BLUE,I-8/4 NURSERY BRANCH ISLAMABAD
4792,KG,BLUE,I-8/4 NURSERY BRANCH ISLAMABAD
4795,KG,BLUE,I-8/4 NURSERY BRANCH ISLAMABAD
4763,KG,BLUE,I-8/4 NURSERY BRANCH ISLAMABAD
4716,KG,BLUE,I-8/4 NURSERY BRANCH ISLAMABAD
4734,KG,BLUE,I-8/4 NURSERY BRANCH ISLAMABAD
5043,KG,BLUE,I-8/4 NURSERY BRANCH ISLAMABAD
5081,KG,BLUE,I-8/4 NURSERY BRANCH ISLAMABAD
5083,KG,RED,I-8/4 NURSERY BRANCH ISLAMABAD
5142,KG,RED,I-8/4 NURSERY BRANCH ISLAMABAD
4981,KG,RED,I-8/4 NURSERY BRANCH ISLAMABAD
4741,KG,RED,I-8/4 NURSERY BRANCH ISLAMABAD
4226,KG,RED,I-8/4 NURSERY BRANCH ISLAMABAD
4301,KG,RED,I-8/4 NURSERY BRANCH ISLAMABAD
4342,KG,RED,I-8/4 NURSERY BRANCH ISLAMABAD
4360,KG,RED,I-8/4 NURSERY BRANCH ISLAMABAD
4339,KG,RED,I-8/4 NURSERY BRANCH ISLAMABAD
4454,KG,RED,I-8/4 NURSERY BRANCH ISLAMABAD
4381,KG,RED,I-8/4 NURSERY BRANCH ISLAMABAD
4395,KG,RED,I-8/4 NURSERY BRANCH ISLAMABAD
4591,KG,RED,I-8/4 NURSERY BRANCH ISLAMABAD
4654,KG,RED,I-8/4 NURSERY BRANCH ISLAMABAD
4481,KG,RED,I-8/4 NURSERY BRANCH ISLAMABAD
4567,KG,RED,I-8/4 NURSERY BRANCH ISLAMABAD
4563,KG,RED,I-8/4 NURSERY BRANCH ISLAMABAD
4568,KG,RED,I-8/4 NURSERY BRANCH ISLAMABAD
3714,KG,RED,I-8/4 NURSERY BRANCH ISLAMABAD
4513,KG,YELLOW,I-8/4 NURSERY BRANCH ISLAMABAD
4441,KG,YELLOW,I-8/4 NURSERY BRANCH ISLAMABAD
4465,KG,YELLOW,I-8/4 NURSERY BRANCH ISLAMABAD
4592,KG,YELLOW,I-8/4 NURSERY BRANCH ISLAMABAD
4382,KG,YELLOW,I-8/4 NURSERY BRANCH ISLAMABAD
4744,KG,YELLOW,I-8/4 NURSERY BRANCH ISLAMABAD
4757,KG,YELLOW,I-8/4 NURSERY BRANCH ISLAMABAD
4770,KG,YELLOW,I-8/4 NURSERY BRANCH ISLAMABAD
4808,KG,YELLOW,I-8/4 NURSERY BRANCH ISLAMABAD
4713,KG,YELLOW,I-8/4 NURSERY BRANCH ISLAMABAD
4794,KG,YELLOW,I-8/4 NURSERY BRANCH ISLAMABAD
4812,KG,YELLOW,I-8/4 NURSERY BRANCH ISLAMABAD
4840,KG,YELLOW,I-8/4 NURSERY BRANCH ISLAMABAD
4848,KG,YELLOW,I-8/4 NURSERY BRANCH ISLAMABAD
4863,KG,YELLOW,I-8/4 NURSERY BRANCH ISLAMABAD
4861,KG,YELLOW,I-8/4 NURSERY BRANCH ISLAMABAD
5058,KG,YELLOW,I-8/4 NURSERY BRANCH ISLAMABAD
4707,KG,PURPLE,I-8/4 NURSERY BRANCH ISLAMABAD
4702,KG,PURPLE,I-8/4 NURSERY BRANCH ISLAMABAD
4772,KG,PURPLE,I-8/4 NURSERY BRANCH ISLAMABAD
4742,KG,PURPLE,I-8/4 NURSERY BRANCH ISLAMABAD
4457,KG,PURPLE,I-8/4 NURSERY BRANCH ISLAMABAD
4344,KG,PURPLE,I-8/4 NURSERY BRANCH ISLAMABAD
4343,KG,PURPLE,I-8/4 NURSERY BRANCH ISLAMABAD
4308,KG,PURPLE,I-8/4 NURSERY BRANCH ISLAMABAD
4634,KG,PURPLE,I-8/4 NURSERY BRANCH ISLAMABAD
4627,KG,PURPLE,I-8/4 NURSERY BRANCH ISLAMABAD
4652,KG,PURPLE,I-8/4 NURSERY BRANCH ISLAMABAD
4656,KG,PURPLE,I-8/4 NURSERY BRANCH ISLAMABAD
4668,KG,PURPLE,I-8/4 NURSERY BRANCH ISLAMABAD
4671,KG,PURPLE,I-8/4 NURSERY BRANCH ISLAMABAD
4474,KG,PURPLE,I-8/4 NURSERY BRANCH ISLAMABAD
4092,KG,PURPLE,I-8/4 NURSERY BRANCH ISLAMABAD
5124,KG,PURPLE,I-8/4 NURSERY BRANCH ISLAMABAD
5113,KG,PURPLE,I-8/4 NURSERY BRANCH ISLAMABAD
5044,KG,PURPLE,I-8/4 NURSERY BRANCH ISLAMABAD
5178,KG,GREEN,I-8/4 NURSERY BRANCH ISLAMABAD
3022,KG,GREEN,I-8/4 NURSERY BRANCH ISLAMABAD
4491,KG,GREEN,I-8/4 NURSERY BRANCH ISLAMABAD
4514,KG,GREEN,I-8/4 NURSERY BRANCH ISLAMABAD
4479,KG,GREEN,I-8/4 NURSERY BRANCH ISLAMABAD
4633,KG,GREEN,I-8/4 NURSERY BRANCH ISLAMABAD
4621,KG,GREEN,I-8/4 NURSERY BRANCH ISLAMABAD
4258,KG,GREEN,I-8/4 NURSERY BRANCH ISLAMABAD
4364,KG,GREEN,I-8/4 NURSERY BRANCH ISLAMABAD
4345,KG,GREEN,I-8/4 NURSERY BRANCH ISLAMABAD
4322,KG,GREEN,I-8/4 NURSERY BRANCH ISLAMABAD
4375,KG,GREEN,I-8/4 NURSERY BRANCH ISLAMABAD
4367,KG,GREEN,I-8/4 NURSERY BRANCH ISLAMABAD
4370,KG,GREEN,I-8/4 NURSERY BRANCH ISLAMABAD
4762,KG,GREEN,I-8/4 NURSERY BRANCH ISLAMABAD
4698,KG,GREEN,I-8/4 NURSERY BRANCH ISLAMABAD
4710,KG,GREEN,I-8/4 NURSERY BRANCH ISLAMABAD
4717,KG,GREEN,I-8/4 NURSERY BRANCH ISLAMABAD
4865,KG,GREEN,I-8/4 NURSERY BRANCH ISLAMABAD
4876,KG,GREEN,I-8/4 NURSERY BRANCH ISLAMABAD
5040,KG,GREEN,I-8/4 NURSERY BRANCH ISLAMABAD
4976,Grade-6,A,I-8/4 SENIOR BRANCH ISLAMABAD
4288,Grade-6,A,I-8/4 SENIOR BRANCH ISLAMABAD
4296,Grade-6,A,I-8/4 SENIOR BRANCH ISLAMABAD
4295,Grade-6,A,I-8/4 SENIOR BRANCH ISLAMABAD
2716,Grade-6,A,I-8/4 SENIOR BRANCH ISLAMABAD
3952,Grade-6,A,I-8/4 SENIOR BRANCH ISLAMABAD
2063,Grade-6,A,I-8/4 SENIOR BRANCH ISLAMABAD
2219,Grade-6,A,I-8/4 SENIOR BRANCH ISLAMABAD
1976,Grade-6,A,I-8/4 SENIOR BRANCH ISLAMABAD
2050,Grade-6,A,I-8/4 SENIOR BRANCH ISLAMABAD
1904,Grade-6,A,I-8/4 SENIOR BRANCH ISLAMABAD
1917,Grade-6,A,I-8/4 SENIOR BRANCH ISLAMABAD
1931,Grade-6,A,I-8/4 SENIOR BRANCH ISLAMABAD
1861,Grade-6,A,I-8/4 SENIOR BRANCH ISLAMABAD
1822,Grade-6,A,I-8/4 SENIOR BRANCH ISLAMABAD
1824,Grade-6,A,I-8/4 SENIOR BRANCH ISLAMABAD
1789,Grade-6,A,I-8/4 SENIOR BRANCH ISLAMABAD
1698,Grade-6,A,I-8/4 SENIOR BRANCH ISLAMABAD
1713,Grade-6,A,I-8/4 SENIOR BRANCH ISLAMABAD
1719,Grade-6,A,I-8/4 SENIOR BRANCH ISLAMABAD
1235,Grade-6,A,I-8/4 SENIOR BRANCH ISLAMABAD
1003,Grade-6,A,I-8/4 SENIOR BRANCH ISLAMABAD
1153,Grade-6,A,I-8/4 SENIOR BRANCH ISLAMABAD
1285,Grade-6,A,I-8/4 SENIOR BRANCH ISLAMABAD
1233,Grade-6,B,I-8/4 SENIOR BRANCH ISLAMABAD
1133,Grade-6,B,I-8/4 SENIOR BRANCH ISLAMABAD
1729,Grade-6,B,I-8/4 SENIOR BRANCH ISLAMABAD
1625,Grade-6,B,I-8/4 SENIOR BRANCH ISLAMABAD
1782,Grade-6,B,I-8/4 SENIOR BRANCH ISLAMABAD
1857,Grade-6,B,I-8/4 SENIOR BRANCH ISLAMABAD
1926,Grade-6,B,I-8/4 SENIOR BRANCH ISLAMABAD
1849,Grade-6,B,I-8/4 SENIOR BRANCH ISLAMABAD
2256,Grade-6,B,I-8/4 SENIOR BRANCH ISLAMABAD
4185,Grade-6,B,I-8/4 SENIOR BRANCH ISLAMABAD
3027,Grade-6,B,I-8/4 SENIOR BRANCH ISLAMABAD
4435,Grade-6,B,I-8/4 SENIOR BRANCH ISLAMABAD
4602,Grade-6,B,I-8/4 SENIOR BRANCH ISLAMABAD
4684,Grade-6,B,I-8/4 SENIOR BRANCH ISLAMABAD
4508,Grade-6,B,I-8/4 SENIOR BRANCH ISLAMABAD
4932,Grade-6,B,I-8/4 SENIOR BRANCH ISLAMABAD
4817,Grade-6,B,I-8/4 SENIOR BRANCH ISLAMABAD
4690,Grade-6,B,I-8/4 SENIOR BRANCH ISLAMABAD
4781,Grade-6,B,I-8/4 SENIOR BRANCH ISLAMABAD
5145,Grade-6,B,I-8/4 SENIOR BRANCH ISLAMABAD
5085,Grade-6,B,I-8/4 SENIOR BRANCH ISLAMABAD
5141,Grade-6,C,I-8/4 SENIOR BRANCH ISLAMABAD
4775,Grade-6,C,I-8/4 SENIOR BRANCH ISLAMABAD
4685,Grade-6,C,I-8/4 SENIOR BRANCH ISLAMABAD
4372,Grade-6,C,I-8/4 SENIOR BRANCH ISLAMABAD
2809,Grade-6,C,I-8/4 SENIOR BRANCH ISLAMABAD
4101,Grade-6,C,I-8/4 SENIOR BRANCH ISLAMABAD
3822,Grade-6,C,I-8/4 SENIOR BRANCH ISLAMABAD
2275,Grade-6,C,I-8/4 SENIOR BRANCH ISLAMABAD
2408,Grade-6,C,I-8/4 SENIOR BRANCH ISLAMABAD
2560,Grade-6,C,I-8/4 SENIOR BRANCH ISLAMABAD
1913,Grade-6,C,I-8/4 SENIOR BRANCH ISLAMABAD
1922,Grade-6,C,I-8/4 SENIOR BRANCH ISLAMABAD
1802,Grade-6,C,I-8/4 SENIOR BRANCH ISLAMABAD
1774,Grade-6,C,I-8/4 SENIOR BRANCH ISLAMABAD
1629,Grade-6,C,I-8/4 SENIOR BRANCH ISLAMABAD
1695,Grade-6,C,I-8/4 SENIOR BRANCH ISLAMABAD
1617,Grade-7,A,I-8/4 SENIOR BRANCH ISLAMABAD
1630,Grade-7,A,I-8/4 SENIOR BRANCH ISLAMABAD
1667,Grade-7,A,I-8/4 SENIOR BRANCH ISLAMABAD
1823,Grade-7,A,I-8/4 SENIOR BRANCH ISLAMABAD
1888,Grade-7,A,I-8/4 SENIOR BRANCH ISLAMABAD
2036,Grade-7,A,I-8/4 SENIOR BRANCH ISLAMABAD
1609,Grade-7,A,I-8/4 SENIOR BRANCH ISLAMABAD
1586,Grade-7,A,I-8/4 SENIOR BRANCH ISLAMABAD
1281,Grade-7,A,I-8/4 SENIOR BRANCH ISLAMABAD
1400,Grade-7,A,I-8/4 SENIOR BRANCH ISLAMABAD
1412,Grade-7,A,I-8/4 SENIOR BRANCH ISLAMABAD
2500,Grade-7,A,I-8/4 SENIOR BRANCH ISLAMABAD
2322,Grade-7,A,I-8/4 SENIOR BRANCH ISLAMABAD
2210,Grade-7,A,I-8/4 SENIOR BRANCH ISLAMABAD
3986,Grade-7,A,I-8/4 SENIOR BRANCH ISLAMABAD
4033,Grade-7,A,I-8/4 SENIOR BRANCH ISLAMABAD
4030,Grade-7,A,I-8/4 SENIOR BRANCH ISLAMABAD
2810,Grade-7,A,I-8/4 SENIOR BRANCH ISLAMABAD
2889,Grade-7,A,I-8/4 SENIOR BRANCH ISLAMABAD
2975,Grade-7,A,I-8/4 SENIOR BRANCH ISLAMABAD
2986,Grade-7,A,I-8/4 SENIOR BRANCH ISLAMABAD
3747,Grade-7,A,I-8/4 SENIOR BRANCH ISLAMABAD
5025,Grade-7,A,I-8/4 SENIOR BRANCH ISLAMABAD
4752,Grade-7,B,I-8/4 SENIOR BRANCH ISLAMABAD
4190,Grade-7,B,I-8/4 SENIOR BRANCH ISLAMABAD
4619,Grade-7,B,I-8/4 SENIOR BRANCH ISLAMABAD
4476,Grade-7,B,I-8/4 SENIOR BRANCH ISLAMABAD
2991,Grade-7,B,I-8/4 SENIOR BRANCH ISLAMABAD
2209,Grade-7,B,I-8/4 SENIOR BRANCH ISLAMABAD
2384,Grade-7,B,I-8/4 SENIOR BRANCH ISLAMABAD
1414,Grade-7,B,I-8/4 SENIOR BRANCH ISLAMABAD
1415,Grade-7,B,I-8/4 SENIOR BRANCH ISLAMABAD
1224,Grade-7,B,I-8/4 SENIOR BRANCH ISLAMABAD
1448,Grade-7,B,I-8/4 SENIOR BRANCH ISLAMABAD
1476,Grade-7,B,I-8/4 SENIOR BRANCH ISLAMABAD
1037,Grade-7,B,I-8/4 SENIOR BRANCH ISLAMABAD
1596,Grade-7,B,I-8/4 SENIOR BRANCH ISLAMABAD
1304,Grade-7,B,I-8/4 SENIOR BRANCH ISLAMABAD
1998,Grade-7,B,I-8/4 SENIOR BRANCH ISLAMABAD
1886,Grade-7,B,I-8/4 SENIOR BRANCH ISLAMABAD
1703,Grade-7,B,I-8/4 SENIOR BRANCH ISLAMABAD
1722,Grade-7,B,I-8/4 SENIOR BRANCH ISLAMABAD
5125,Grade-7,B,I-8/4 SENIOR BRANCH ISLAMABAD
5088,Grade-7,B,I-8/4 SENIOR BRANCH ISLAMABAD
5093,Grade-1,ALPHA,I-8/4  PRIMARY BRANCH ISLAMABAD
3067,Grade-1,ALPHA,I-8/4  PRIMARY BRANCH ISLAMABAD
4145,Grade-1,ALPHA,I-8/4  PRIMARY BRANCH ISLAMABAD
3878,Grade-1,ALPHA,I-8/4  PRIMARY BRANCH ISLAMABAD
4489,Grade-1,ALPHA,I-8/4  PRIMARY BRANCH ISLAMABAD
4502,Grade-1,ALPHA,I-8/4  PRIMARY BRANCH ISLAMABAD
4484,Grade-1,ALPHA,I-8/4  PRIMARY BRANCH ISLAMABAD
4200,Grade-1,ALPHA,I-8/4  PRIMARY BRANCH ISLAMABAD
4210,Grade-1,ALPHA,I-8/4  PRIMARY BRANCH ISLAMABAD
4218,Grade-1,ALPHA,I-8/4  PRIMARY BRANCH ISLAMABAD
4225,Grade-1,ALPHA,I-8/4  PRIMARY BRANCH ISLAMABAD
4254,Grade-1,ALPHA,I-8/4  PRIMARY BRANCH ISLAMABAD
4371,Grade-1,ALPHA,I-8/4  PRIMARY BRANCH ISLAMABAD
4384,Grade-1,ALPHA,I-8/4  PRIMARY BRANCH ISLAMABAD
4304,Grade-1,ALPHA,I-8/4  PRIMARY BRANCH ISLAMABAD
4284,Grade-1,ALPHA,I-8/4  PRIMARY BRANCH ISLAMABAD
4961,Grade-1,ALPHA,I-8/4  PRIMARY BRANCH ISLAMABAD
4938,Grade-1,ALPHA,I-8/4  PRIMARY BRANCH ISLAMABAD
4913,Grade-1,BRAVO,I-8/4  PRIMARY BRANCH ISLAMABAD
4748,Grade-1,BRAVO,I-8/4  PRIMARY BRANCH ISLAMABAD
4314,Grade-1,BRAVO,I-8/4  PRIMARY BRANCH ISLAMABAD
4306,Grade-1,BRAVO,I-8/4  PRIMARY BRANCH ISLAMABAD
4326,Grade-1,BRAVO,I-8/4  PRIMARY BRANCH ISLAMABAD
4328,Grade-1,BRAVO,I-8/4  PRIMARY BRANCH ISLAMABAD
4214,Grade-1,BRAVO,I-8/4  PRIMARY BRANCH ISLAMABAD
4253,Grade-1,BRAVO,I-8/4  PRIMARY BRANCH ISLAMABAD
4453,Grade-1,BRAVO,I-8/4  PRIMARY BRANCH ISLAMABAD
4004,Grade-1,BRAVO,I-8/4  PRIMARY BRANCH ISLAMABAD
4080,Grade-1,BRAVO,I-8/4  PRIMARY BRANCH ISLAMABAD
4034,Grade-1,BRAVO,I-8/4  PRIMARY BRANCH ISLAMABAD
4142,Grade-1,BRAVO,I-8/4  PRIMARY BRANCH ISLAMABAD
4146,Grade-1,BRAVO,I-8/4  PRIMARY BRANCH ISLAMABAD
4128,Grade-1,BRAVO,I-8/4  PRIMARY BRANCH ISLAMABAD
4189,Grade-1,BRAVO,I-8/4  PRIMARY BRANCH ISLAMABAD
4165,Grade-1,BRAVO,I-8/4  PRIMARY BRANCH ISLAMABAD
4065,Grade-1,BRAVO,I-8/4  PRIMARY BRANCH ISLAMABAD
4078,Grade-1,BRAVO,I-8/4  PRIMARY BRANCH ISLAMABAD
3809,Grade-1,BRAVO,I-8/4  PRIMARY BRANCH ISLAMABAD
2855,Grade-1,BRAVO,I-8/4  PRIMARY BRANCH ISLAMABAD
2482,Grade-1,BRAVO,I-8/4  PRIMARY BRANCH ISLAMABAD
3761,Grade-1,CHARLIE,I-8/4  PRIMARY BRANCH ISLAMABAD
4172,Grade-1,CHARLIE,I-8/4  PRIMARY BRANCH ISLAMABAD
4118,Grade-1,CHARLIE,I-8/4  PRIMARY BRANCH ISLAMABAD
4150,Grade-1,CHARLIE,I-8/4  PRIMARY BRANCH ISLAMABAD
3964,Grade-1,CHARLIE,I-8/4  PRIMARY BRANCH ISLAMABAD
4002,Grade-1,CHARLIE,I-8/4  PRIMARY BRANCH ISLAMABAD
3924,Grade-1,CHARLIE,I-8/4  PRIMARY BRANCH ISLAMABAD
3852,Grade-1,CHARLIE,I-8/4  PRIMARY BRANCH ISLAMABAD
4488,Grade-1,CHARLIE,I-8/4  PRIMARY BRANCH ISLAMABAD
4492,Grade-1,CHARLIE,I-8/4  PRIMARY BRANCH ISLAMABAD
4548,Grade-1,CHARLIE,I-8/4  PRIMARY BRANCH ISLAMABAD
4564,Grade-1,CHARLIE,I-8/4  PRIMARY BRANCH ISLAMABAD
4635,Grade-1,CHARLIE,I-8/4  PRIMARY BRANCH ISLAMABAD
4235,Grade-1,CHARLIE,I-8/4  PRIMARY BRANCH ISLAMABAD
4219,Grade-1,CHARLIE,I-8/4  PRIMARY BRANCH ISLAMABAD
4305,Grade-1,CHARLIE,I-8/4  PRIMARY BRANCH ISLAMABAD
4309,Grade-1,CHARLIE,I-8/4  PRIMARY BRANCH ISLAMABAD
4307,Grade-1,CHARLIE,I-8/4  PRIMARY BRANCH ISLAMABAD
5060,Grade-1,CHARLIE,I-8/4  PRIMARY BRANCH ISLAMABAD
4996,Grade-1,CHARLIE,I-8/4  PRIMARY BRANCH ISLAMABAD
5156,Grade-1,CHARLIE,I-8/4  PRIMARY BRANCH ISLAMABAD
5180,Grade-1,DELTA,I-8/4  PRIMARY BRANCH ISLAMABAD
5089,Grade-1,DELTA,I-8/4  PRIMARY BRANCH ISLAMABAD
4289,Grade-1,DELTA,I-8/4  PRIMARY BRANCH ISLAMABAD
4416,Grade-1,DELTA,I-8/4  PRIMARY BRANCH ISLAMABAD
4404,Grade-1,DELTA,I-8/4  PRIMARY BRANCH ISLAMABAD
4419,Grade-1,DELTA,I-8/4  PRIMARY BRANCH ISLAMABAD
4427,Grade-1,DELTA,I-8/4  PRIMARY BRANCH ISLAMABAD
4379,Grade-1,DELTA,I-8/4  PRIMARY BRANCH ISLAMABAD
4352,Grade-1,DELTA,I-8/4  PRIMARY BRANCH ISLAMABAD
4275,Grade-1,DELTA,I-8/4  PRIMARY BRANCH ISLAMABAD
4562,Grade-1,DELTA,I-8/4  PRIMARY BRANCH ISLAMABAD
3836,Grade-1,DELTA,I-8/4  PRIMARY BRANCH ISLAMABAD
3902,Grade-1,DELTA,I-8/4  PRIMARY BRANCH ISLAMABAD
3940,Grade-1,DELTA,I-8/4  PRIMARY BRANCH ISLAMABAD
4100,Grade-1,DELTA,I-8/4  PRIMARY BRANCH ISLAMABAD
4122,Grade-1,DELTA,I-8/4  PRIMARY BRANCH ISLAMABAD
4097,Grade-1,DELTA,I-8/4  PRIMARY BRANCH ISLAMABAD
4069,Grade-1,DELTA,I-8/4  PRIMARY BRANCH ISLAMABAD
4105,Grade-1,DELTA,I-8/4  PRIMARY BRANCH ISLAMABAD
4106,Grade-1,DELTA,I-8/4  PRIMARY BRANCH ISLAMABAD
4064,Grade-1,DELTA,I-8/4  PRIMARY BRANCH ISLAMABAD
4063,Grade-1,NINJA,I-8/4  PRIMARY BRANCH ISLAMABAD
4102,Grade-1,NINJA,I-8/4  PRIMARY BRANCH ISLAMABAD
4099,Grade-1,NINJA,I-8/4  PRIMARY BRANCH ISLAMABAD
3858,Grade-1,NINJA,I-8/4  PRIMARY BRANCH ISLAMABAD
4515,Grade-1,NINJA,I-8/4  PRIMARY BRANCH ISLAMABAD
4501,Grade-1,NINJA,I-8/4  PRIMARY BRANCH ISLAMABAD
4636,Grade-1,NINJA,I-8/4  PRIMARY BRANCH ISLAMABAD
4625,Grade-1,NINJA,I-8/4  PRIMARY BRANCH ISLAMABAD
4206,Grade-1,NINJA,I-8/4  PRIMARY BRANCH ISLAMABAD
4394,Grade-1,NINJA,I-8/4  PRIMARY BRANCH ISLAMABAD
4294,Grade-1,NINJA,I-8/4  PRIMARY BRANCH ISLAMABAD
4383,Grade-1,NINJA,I-8/4  PRIMARY BRANCH ISLAMABAD
4430,Grade-1,NINJA,I-8/4  PRIMARY BRANCH ISLAMABAD
4334,Grade-1,NINJA,I-8/4  PRIMARY BRANCH ISLAMABAD
4380,Grade-1,NINJA,I-8/4  PRIMARY BRANCH ISLAMABAD
5106,Grade-1,NINJA,I-8/4  PRIMARY BRANCH ISLAMABAD
5153,Grade-1,NINJA,I-8/4  PRIMARY BRANCH ISLAMABAD
5122,Grade-2,A,SATELLITE TOWN SENIOR BRANCH RWP
4844,Grade-2,A,SATELLITE TOWN SENIOR BRANCH RWP
4898,Grade-2,A,SATELLITE TOWN SENIOR BRANCH RWP
4967,Grade-2,A,SATELLITE TOWN SENIOR BRANCH RWP
4415,Grade-2,A,SATELLITE TOWN SENIOR BRANCH RWP
4631,Grade-2,A,SATELLITE TOWN SENIOR BRANCH RWP
4601,Grade-2,A,SATELLITE TOWN SENIOR BRANCH RWP
4516,Grade-2,A,SATELLITE TOWN SENIOR BRANCH RWP
3847,Grade-2,A,SATELLITE TOWN SENIOR BRANCH RWP
3920,Grade-2,A,SATELLITE TOWN SENIOR BRANCH RWP
4178,Grade-2,A,SATELLITE TOWN SENIOR BRANCH RWP
4180,Grade-2,A,SATELLITE TOWN SENIOR BRANCH RWP
3799,Grade-2,A,SATELLITE TOWN SENIOR BRANCH RWP
3801,Grade-2,A,SATELLITE TOWN SENIOR BRANCH RWP
3824,Grade-2,A,SATELLITE TOWN SENIOR BRANCH RWP
2952,Grade-2,A,SATELLITE TOWN SENIOR BRANCH RWP
3804,Grade-2,B,SATELLITE TOWN SENIOR BRANCH RWP
3783,Grade-2,B,SATELLITE TOWN SENIOR BRANCH RWP
3802,Grade-2,B,SATELLITE TOWN SENIOR BRANCH RWP
3725,Grade-2,B,SATELLITE TOWN SENIOR BRANCH RWP
4066,Grade-2,B,SATELLITE TOWN SENIOR BRANCH RWP
3903,Grade-2,B,SATELLITE TOWN SENIOR BRANCH RWP
3803,Grade-2,B,SATELLITE TOWN SENIOR BRANCH RWP
4459,Grade-2,B,SATELLITE TOWN SENIOR BRANCH RWP
4610,Grade-2,B,SATELLITE TOWN SENIOR BRANCH RWP
4410,Grade-2,B,SATELLITE TOWN SENIOR BRANCH RWP
4337,Grade-2,B,SATELLITE TOWN SENIOR BRANCH RWP
4796,Grade-2,B,SATELLITE TOWN SENIOR BRANCH RWP
4670,Grade-2,B,SATELLITE TOWN SENIOR BRANCH RWP
4739,Grade-3,A,SATELLITE TOWN SENIOR BRANCH RWP
4729,Grade-3,A,SATELLITE TOWN SENIOR BRANCH RWP
4896,Grade-3,A,SATELLITE TOWN SENIOR BRANCH RWP
4907,Grade-3,A,SATELLITE TOWN SENIOR BRANCH RWP
5033,Grade-3,A,SATELLITE TOWN SENIOR BRANCH RWP
4280,Grade-3,A,SATELLITE TOWN SENIOR BRANCH RWP
4678,Grade-3,A,SATELLITE TOWN SENIOR BRANCH RWP
4585,Grade-3,A,SATELLITE TOWN SENIOR BRANCH RWP
3728,Grade-3,A,SATELLITE TOWN SENIOR BRANCH RWP
3029,Grade-3,A,SATELLITE TOWN SENIOR BRANCH RWP
2970,Grade-3,A,SATELLITE TOWN SENIOR BRANCH RWP
2917,Grade-3,A,SATELLITE TOWN SENIOR BRANCH RWP
2937,Grade-3,A,SATELLITE TOWN SENIOR BRANCH RWP
2869,Grade-3,A,SATELLITE TOWN SENIOR BRANCH RWP
2908,Grade-3,A,SATELLITE TOWN SENIOR BRANCH RWP
2841,Grade-3,A,SATELLITE TOWN SENIOR BRANCH RWP
2738,Grade-3,A,SATELLITE TOWN SENIOR BRANCH RWP
2794,Grade-3,A,SATELLITE TOWN SENIOR BRANCH RWP
2727,Grade-3,A,SATELLITE TOWN SENIOR BRANCH RWP
2732,Grade-3,A,SATELLITE TOWN SENIOR BRANCH RWP
2819,Grade-3,A,SATELLITE TOWN SENIOR BRANCH RWP
2671,Grade-3,B,SATELLITE TOWN SENIOR BRANCH RWP
2572,Grade-3,B,SATELLITE TOWN SENIOR BRANCH RWP
2478,Grade-3,B,SATELLITE TOWN SENIOR BRANCH RWP
2253,Grade-3,B,SATELLITE TOWN SENIOR BRANCH RWP
2797,Grade-3,B,SATELLITE TOWN SENIOR BRANCH RWP
2831,Grade-3,B,SATELLITE TOWN SENIOR BRANCH RWP
2873,Grade-3,B,SATELLITE TOWN SENIOR BRANCH RWP
2921,Grade-3,B,SATELLITE TOWN SENIOR BRANCH RWP
2954,Grade-3,B,SATELLITE TOWN SENIOR BRANCH RWP
3723,Grade-3,B,SATELLITE TOWN SENIOR BRANCH RWP
3869,Grade-3,B,SATELLITE TOWN SENIOR BRANCH RWP
4058,Grade-3,B,SATELLITE TOWN SENIOR BRANCH RWP
4108,Grade-3,B,SATELLITE TOWN SENIOR BRANCH RWP
4134,Grade-3,B,SATELLITE TOWN SENIOR BRANCH RWP
4646,Grade-3,B,SATELLITE TOWN SENIOR BRANCH RWP
4239,Grade-3,B,SATELLITE TOWN SENIOR BRANCH RWP
4217,Grade-3,B,SATELLITE TOWN SENIOR BRANCH RWP
4987,Grade-3,B,SATELLITE TOWN SENIOR BRANCH RWP
4899,Grade-3,B,SATELLITE TOWN SENIOR BRANCH RWP
4966,Grade-3,B,SATELLITE TOWN SENIOR BRANCH RWP
4969,Grade-3,B,SATELLITE TOWN SENIOR BRANCH RWP
4785,Grade-3,B,SATELLITE TOWN SENIOR BRANCH RWP
4746,Grade-3,B,SATELLITE TOWN SENIOR BRANCH RWP
4877,Grade-3,B,SATELLITE TOWN SENIOR BRANCH RWP
5010,Grade-4,A,SATELLITE TOWN SENIOR BRANCH RWP
4273,Grade-4,A,SATELLITE TOWN SENIOR BRANCH RWP
4543,Grade-4,A,SATELLITE TOWN SENIOR BRANCH RWP
4498,Grade-4,A,SATELLITE TOWN SENIOR BRANCH RWP
3050,Grade-4,A,SATELLITE TOWN SENIOR BRANCH RWP
2882,Grade-4,A,SATELLITE TOWN SENIOR BRANCH RWP
2713,Grade-4,A,SATELLITE TOWN SENIOR BRANCH RWP
2701,Grade-4,A,SATELLITE TOWN SENIOR BRANCH RWP
2346,Grade-4,A,SATELLITE TOWN SENIOR BRANCH RWP
2458,Grade-4,A,SATELLITE TOWN SENIOR BRANCH RWP
2436,Grade-4,A,SATELLITE TOWN SENIOR BRANCH RWP
2564,Grade-4,A,SATELLITE TOWN SENIOR BRANCH RWP
2584,Grade-4,A,SATELLITE TOWN SENIOR BRANCH RWP
2590,Grade-4,A,SATELLITE TOWN SENIOR BRANCH RWP
2636,Grade-4,A,SATELLITE TOWN SENIOR BRANCH RWP
5069,Grade-4,A,SATELLITE TOWN SENIOR BRANCH RWP
2635,Grade-4,B,SATELLITE TOWN SENIOR BRANCH RWP
2582,Grade-4,B,SATELLITE TOWN SENIOR BRANCH RWP
2595,Grade-4,B,SATELLITE TOWN SENIOR BRANCH RWP
2616,Grade-4,B,SATELLITE TOWN SENIOR BRANCH RWP
2545,Grade-4,B,SATELLITE TOWN SENIOR BRANCH RWP
2419,Grade-4,B,SATELLITE TOWN SENIOR BRANCH RWP
2432,Grade-4,B,SATELLITE TOWN SENIOR BRANCH RWP
2832,Grade-4,B,SATELLITE TOWN SENIOR BRANCH RWP
2883,Grade-4,B,SATELLITE TOWN SENIOR BRANCH RWP
2955,Grade-4,B,SATELLITE TOWN SENIOR BRANCH RWP
3851,Grade-4,B,SATELLITE TOWN SENIOR BRANCH RWP
3917,Grade-4,B,SATELLITE TOWN SENIOR BRANCH RWP
4560,Grade-4,B,SATELLITE TOWN SENIOR BRANCH RWP
4270,Grade-4,B,SATELLITE TOWN SENIOR BRANCH RWP
4782,Grade-4,B,SATELLITE TOWN SENIOR BRANCH RWP
4694,Grade-5,A,SATELLITE TOWN SENIOR BRANCH RWP
4930,Grade-5,A,SATELLITE TOWN SENIOR BRANCH RWP
4269,Grade-5,A,SATELLITE TOWN SENIOR BRANCH RWP
4299,Grade-5,A,SATELLITE TOWN SENIOR BRANCH RWP
4706,Grade-5,A,SATELLITE TOWN SENIOR BRANCH RWP
2431,Grade-5,A,SATELLITE TOWN SENIOR BRANCH RWP
2355,Grade-5,A,SATELLITE TOWN SENIOR BRANCH RWP
2318,Grade-5,A,SATELLITE TOWN SENIOR BRANCH RWP
2200,Grade-5,A,SATELLITE TOWN SENIOR BRANCH RWP
2180,Grade-5,A,SATELLITE TOWN SENIOR BRANCH RWP
2187,Grade-5,A,SATELLITE TOWN SENIOR BRANCH RWP
2224,Grade-5,A,SATELLITE TOWN SENIOR BRANCH RWP
2111,Grade-5,A,SATELLITE TOWN SENIOR BRANCH RWP
2420,Grade-5,A,SATELLITE TOWN SENIOR BRANCH RWP
2551,Grade-5,A,SATELLITE TOWN SENIOR BRANCH RWP
1987,Grade-5,A,SATELLITE TOWN SENIOR BRANCH RWP
1988,Grade-5,A,SATELLITE TOWN SENIOR BRANCH RWP
1948,Grade-5,B,SATELLITE TOWN SENIOR BRANCH RWP
1837,Grade-5,B,SATELLITE TOWN SENIOR BRANCH RWP
2075,Grade-5,B,SATELLITE TOWN SENIOR BRANCH RWP
2235,Grade-5,B,SATELLITE TOWN SENIOR BRANCH RWP
2142,Grade-5,B,SATELLITE TOWN SENIOR BRANCH RWP
2427,Grade-5,B,SATELLITE TOWN SENIOR BRANCH RWP
2345,Grade-5,B,SATELLITE TOWN SENIOR BRANCH RWP
2292,Grade-5,B,SATELLITE TOWN SENIOR BRANCH RWP
2243,Grade-5,B,SATELLITE TOWN SENIOR BRANCH RWP
2319,Grade-5,B,SATELLITE TOWN SENIOR BRANCH RWP
2279,Grade-5,B,SATELLITE TOWN SENIOR BRANCH RWP
4056,Grade-5,B,SATELLITE TOWN SENIOR BRANCH RWP
4053,Grade-5,B,SATELLITE TOWN SENIOR BRANCH RWP
2850,Grade-5,B,SATELLITE TOWN SENIOR BRANCH RWP
4643,Grade-5,B,SATELLITE TOWN SENIOR BRANCH RWP
4598,Grade-5,B,SATELLITE TOWN SENIOR BRANCH RWP
4915,Grade-5,B,SATELLITE TOWN SENIOR BRANCH RWP
4933,Grade-5,B,SATELLITE TOWN SENIOR BRANCH RWP
4906,Grade-5,B,SATELLITE TOWN SENIOR BRANCH RWP
4922,Grade-6,A,SATELLITE TOWN SENIOR BRANCH RWP
4917,Grade-6,A,SATELLITE TOWN SENIOR BRANCH RWP
4786,Grade-6,A,SATELLITE TOWN SENIOR BRANCH RWP
4611,Grade-6,A,SATELLITE TOWN SENIOR BRANCH RWP
4443,Grade-6,A,SATELLITE TOWN SENIOR BRANCH RWP
2982,Grade-6,A,SATELLITE TOWN SENIOR BRANCH RWP
3708,Grade-6,A,SATELLITE TOWN SENIOR BRANCH RWP
2323,Grade-6,A,SATELLITE TOWN SENIOR BRANCH RWP
2146,Grade-6,A,SATELLITE TOWN SENIOR BRANCH RWP
2132,Grade-6,A,SATELLITE TOWN SENIOR BRANCH RWP
2104,Grade-6,A,SATELLITE TOWN SENIOR BRANCH RWP
2102,Grade-6,A,SATELLITE TOWN SENIOR BRANCH RWP
2628,Grade-6,A,SATELLITE TOWN SENIOR BRANCH RWP
2472,Grade-6,B,SATELLITE TOWN SENIOR BRANCH RWP
2169,Grade-6,B,SATELLITE TOWN SENIOR BRANCH RWP
1712,Grade-6,B,SATELLITE TOWN SENIOR BRANCH RWP
1725,Grade-6,B,SATELLITE TOWN SENIOR BRANCH RWP
1990,Grade-6,B,SATELLITE TOWN SENIOR BRANCH RWP
1877,Grade-6,B,SATELLITE TOWN SENIOR BRANCH RWP
1932,Grade-6,B,SATELLITE TOWN SENIOR BRANCH RWP
4136,Grade-6,B,SATELLITE TOWN SENIOR BRANCH RWP
4411,Grade-6,B,SATELLITE TOWN SENIOR BRANCH RWP
4281,Grade-6,B,SATELLITE TOWN SENIOR BRANCH RWP
4669,Grade-6,B,SATELLITE TOWN SENIOR BRANCH RWP
4723,Grade-6,B,SATELLITE TOWN SENIOR BRANCH RWP
4949,Grade-7,A,SATELLITE TOWN SENIOR BRANCH RWP
4940,Grade-7,A,SATELLITE TOWN SENIOR BRANCH RWP
5003,Grade-7,A,SATELLITE TOWN SENIOR BRANCH RWP
4196,Grade-7,A,SATELLITE TOWN SENIOR BRANCH RWP
4290,Grade-7,A,SATELLITE TOWN SENIOR BRANCH RWP
4022,Grade-7,A,SATELLITE TOWN SENIOR BRANCH RWP
2960,Grade-7,A,SATELLITE TOWN SENIOR BRANCH RWP
2881,Grade-7,A,SATELLITE TOWN SENIOR BRANCH RWP
1949,Grade-7,A,SATELLITE TOWN SENIOR BRANCH RWP
1711,Grade-7,A,SATELLITE TOWN SENIOR BRANCH RWP
1804,Grade-7,A,SATELLITE TOWN SENIOR BRANCH RWP
1764,Grade-7,A,SATELLITE TOWN SENIOR BRANCH RWP
1805,Grade-7,A,SATELLITE TOWN SENIOR BRANCH RWP
2247,Grade-7,A,SATELLITE TOWN SENIOR BRANCH RWP
2460,Grade-7,A,SATELLITE TOWN SENIOR BRANCH RWP
2504,Grade-7,A,SATELLITE TOWN SENIOR BRANCH RWP
2471,Grade-7,B,SATELLITE TOWN SENIOR BRANCH RWP
2627,Grade-7,B,SATELLITE TOWN SENIOR BRANCH RWP
2734,Grade-7,B,SATELLITE TOWN SENIOR BRANCH RWP
2226,Grade-7,B,SATELLITE TOWN SENIOR BRANCH RWP
1612,Grade-7,B,SATELLITE TOWN SENIOR BRANCH RWP
1613,Grade-7,B,SATELLITE TOWN SENIOR BRANCH RWP
1462,Grade-7,B,SATELLITE TOWN SENIOR BRANCH RWP
1392,Grade-7,B,SATELLITE TOWN SENIOR BRANCH RWP
1252,Grade-7,B,SATELLITE TOWN SENIOR BRANCH RWP
1181,Grade-7,B,SATELLITE TOWN SENIOR BRANCH RWP
3719,Grade-7,B,SATELLITE TOWN SENIOR BRANCH RWP
4642,Grade-7,B,SATELLITE TOWN SENIOR BRANCH RWP
4970,Grade-7,B,SATELLITE TOWN SENIOR BRANCH RWP
4827,Grade-7,B,SATELLITE TOWN SENIOR BRANCH RWP
5098,Grade-7,B,SATELLITE TOWN SENIOR BRANCH RWP
4764,MATRIC-8,A,SATELLITE TOWN SENIOR BRANCH RWP
2950,MATRIC-8,A,SATELLITE TOWN SENIOR BRANCH RWP
1732,MATRIC-8,A,SATELLITE TOWN SENIOR BRANCH RWP
1733,MATRIC-8,A,SATELLITE TOWN SENIOR BRANCH RWP
2291,MATRIC-8,A,SATELLITE TOWN SENIOR BRANCH RWP
2435,MATRIC-8,A,SATELLITE TOWN SENIOR BRANCH RWP
2317,IGCSE-8,A,SATELLITE TOWN SENIOR BRANCH RWP
1825,IGCSE-8,A,SATELLITE TOWN SENIOR BRANCH RWP
1955,IGCSE-8,A,SATELLITE TOWN SENIOR BRANCH RWP
1263,IGCSE-8,A,SATELLITE TOWN SENIOR BRANCH RWP
1024,IGCSE-8,A,SATELLITE TOWN SENIOR BRANCH RWP
1229,IGCSE-8,A,SATELLITE TOWN SENIOR BRANCH RWP
1046,IGCSE-8,A,SATELLITE TOWN SENIOR BRANCH RWP
1148,IGCSE-8,A,SATELLITE TOWN SENIOR BRANCH RWP
3709,IGCSE-8,A,SATELLITE TOWN SENIOR BRANCH RWP
4135,IGCSE-8,A,SATELLITE TOWN SENIOR BRANCH RWP
4157,IGCSE-8,A,SATELLITE TOWN SENIOR BRANCH RWP
4851,IGCSE-8,A,SATELLITE TOWN SENIOR BRANCH RWP
4968,IGCSE-8,A,SATELLITE TOWN SENIOR BRANCH RWP
4936,IGCSE-8,A,SATELLITE TOWN SENIOR BRANCH RWP
4955,IGCSE-8,A,SATELLITE TOWN SENIOR BRANCH RWP
5011,IGCSE-8,A,SATELLITE TOWN SENIOR BRANCH RWP
4597,IGCSE-8,A,SATELLITE TOWN SENIOR BRANCH RWP
4596,IGCSE-8,A,SATELLITE TOWN SENIOR BRANCH RWP
4624,IGCSE-8,A,SATELLITE TOWN SENIOR BRANCH RWP
4559,IGCSE-8,A,SATELLITE TOWN SENIOR BRANCH RWP
4398,Grade-2,ALPHA,I-8/4  PRIMARY BRANCH ISLAMABAD
4222,Grade-2,ALPHA,I-8/4  PRIMARY BRANCH ISLAMABAD
4240,Grade-2,ALPHA,I-8/4  PRIMARY BRANCH ISLAMABAD
4788,Grade-2,ALPHA,I-8/4  PRIMARY BRANCH ISLAMABAD
4736,Grade-2,ALPHA,I-8/4  PRIMARY BRANCH ISLAMABAD
4176,Grade-2,ALPHA,I-8/4  PRIMARY BRANCH ISLAMABAD
3967,Grade-2,ALPHA,I-8/4  PRIMARY BRANCH ISLAMABAD
3962,Grade-2,ALPHA,I-8/4  PRIMARY BRANCH ISLAMABAD
3927,Grade-2,ALPHA,I-8/4  PRIMARY BRANCH ISLAMABAD
3951,Grade-2,ALPHA,I-8/4  PRIMARY BRANCH ISLAMABAD
3835,Grade-2,ALPHA,I-8/4  PRIMARY BRANCH ISLAMABAD
3846,Grade-2,ALPHA,I-8/4  PRIMARY BRANCH ISLAMABAD
3784,Grade-2,ALPHA,I-8/4  PRIMARY BRANCH ISLAMABAD
3796,Grade-2,ALPHA,I-8/4  PRIMARY BRANCH ISLAMABAD
3826,Grade-2,ALPHA,I-8/4  PRIMARY BRANCH ISLAMABAD
3030,Grade-2,ALPHA,I-8/4  PRIMARY BRANCH ISLAMABAD
3036,Grade-2,ALPHA,I-8/4  PRIMARY BRANCH ISLAMABAD
2820,Grade-2,ALPHA,I-8/4  PRIMARY BRANCH ISLAMABAD
2930,Grade-2,ALPHA,I-8/4  PRIMARY BRANCH ISLAMABAD
2867,Grade-2,ALPHA,I-8/4  PRIMARY BRANCH ISLAMABAD
2915,Grade-2,BRAVO,I-8/4  PRIMARY BRANCH ISLAMABAD
3076,Grade-2,BRAVO,I-8/4  PRIMARY BRANCH ISLAMABAD
3042,Grade-2,BRAVO,I-8/4  PRIMARY BRANCH ISLAMABAD
3724,Grade-2,BRAVO,I-8/4  PRIMARY BRANCH ISLAMABAD
3897,Grade-2,BRAVO,I-8/4  PRIMARY BRANCH ISLAMABAD
3922,Grade-2,BRAVO,I-8/4  PRIMARY BRANCH ISLAMABAD
3936,Grade-2,BRAVO,I-8/4  PRIMARY BRANCH ISLAMABAD
3941,Grade-2,BRAVO,I-8/4  PRIMARY BRANCH ISLAMABAD
4161,Grade-2,BRAVO,I-8/4  PRIMARY BRANCH ISLAMABAD
4026,Grade-2,BRAVO,I-8/4  PRIMARY BRANCH ISLAMABAD
4027,Grade-2,BRAVO,I-8/4  PRIMARY BRANCH ISLAMABAD
4057,Grade-2,BRAVO,I-8/4  PRIMARY BRANCH ISLAMABAD
4096,Grade-2,BRAVO,I-8/4  PRIMARY BRANCH ISLAMABAD
4127,Grade-2,BRAVO,I-8/4  PRIMARY BRANCH ISLAMABAD
4866,Grade-2,BRAVO,I-8/4  PRIMARY BRANCH ISLAMABAD
5048,Grade-2,BRAVO,I-8/4  PRIMARY BRANCH ISLAMABAD
4980,Grade-2,BRAVO,I-8/4  PRIMARY BRANCH ISLAMABAD
4257,Grade-2,BRAVO,I-8/4  PRIMARY BRANCH ISLAMABAD
4417,Grade-2,BRAVO,I-8/4  PRIMARY BRANCH ISLAMABAD
4446,Grade-2,CHARLIE,I-8/4  PRIMARY BRANCH ISLAMABAD
4211,Grade-2,CHARLIE,I-8/4  PRIMARY BRANCH ISLAMABAD
4692,Grade-2,CHARLIE,I-8/4  PRIMARY BRANCH ISLAMABAD
4109,Grade-2,CHARLIE,I-8/4  PRIMARY BRANCH ISLAMABAD
3955,Grade-2,CHARLIE,I-8/4  PRIMARY BRANCH ISLAMABAD
3977,Grade-2,CHARLIE,I-8/4  PRIMARY BRANCH ISLAMABAD
3990,Grade-2,CHARLIE,I-8/4  PRIMARY BRANCH ISLAMABAD
3901,Grade-2,CHARLIE,I-8/4  PRIMARY BRANCH ISLAMABAD
3906,Grade-2,CHARLIE,I-8/4  PRIMARY BRANCH ISLAMABAD
3844,Grade-2,CHARLIE,I-8/4  PRIMARY BRANCH ISLAMABAD
3774,Grade-2,CHARLIE,I-8/4  PRIMARY BRANCH ISLAMABAD
3865,Grade-2,CHARLIE,I-8/4  PRIMARY BRANCH ISLAMABAD
3787,Grade-2,CHARLIE,I-8/4  PRIMARY BRANCH ISLAMABAD
3056,Grade-2,CHARLIE,I-8/4  PRIMARY BRANCH ISLAMABAD
3085,Grade-2,CHARLIE,I-8/4  PRIMARY BRANCH ISLAMABAD
3014,Grade-2,CHARLIE,I-8/4  PRIMARY BRANCH ISLAMABAD
2984,Grade-2,CHARLIE,I-8/4  PRIMARY BRANCH ISLAMABAD
5115,Grade-2,CHARLIE,I-8/4  PRIMARY BRANCH ISLAMABAD
5090,Grade-2,DELTA,I-8/4  PRIMARY BRANCH ISLAMABAD
3077,Grade-2,DELTA,I-8/4  PRIMARY BRANCH ISLAMABAD
3737,Grade-2,DELTA,I-8/4  PRIMARY BRANCH ISLAMABAD
3788,Grade-2,DELTA,I-8/4  PRIMARY BRANCH ISLAMABAD
3840,Grade-2,DELTA,I-8/4  PRIMARY BRANCH ISLAMABAD
3810,Grade-2,DELTA,I-8/4  PRIMARY BRANCH ISLAMABAD
2935,Grade-2,DELTA,I-8/4  PRIMARY BRANCH ISLAMABAD
2929,Grade-2,DELTA,I-8/4  PRIMARY BRANCH ISLAMABAD
2683,Grade-2,DELTA,I-8/4  PRIMARY BRANCH ISLAMABAD
3896,Grade-2,DELTA,I-8/4  PRIMARY BRANCH ISLAMABAD
3885,Grade-2,DELTA,I-8/4  PRIMARY BRANCH ISLAMABAD
3985,Grade-2,DELTA,I-8/4  PRIMARY BRANCH ISLAMABAD
3978,Grade-2,DELTA,I-8/4  PRIMARY BRANCH ISLAMABAD
4041,Grade-2,DELTA,I-8/4  PRIMARY BRANCH ISLAMABAD
4023,Grade-2,DELTA,I-8/4  PRIMARY BRANCH ISLAMABAD
2487,Grade-2,DELTA,I-8/4  PRIMARY BRANCH ISLAMABAD
2637,Grade-2,DELTA,I-8/4  PRIMARY BRANCH ISLAMABAD
4473,Grade-2,DELTA,I-8/4  PRIMARY BRANCH ISLAMABAD
5019,Grade-2,DELTA,I-8/4  PRIMARY BRANCH ISLAMABAD
4916,MATRIC-9,A,SATELLITE TOWN SENIOR BRANCH RWP
4931,MATRIC-9,A,SATELLITE TOWN SENIOR BRANCH RWP
5004,MATRIC-9,A,SATELLITE TOWN SENIOR BRANCH RWP
4667,MATRIC-9,A,SATELLITE TOWN SENIOR BRANCH RWP
4291,MATRIC-9,A,SATELLITE TOWN SENIOR BRANCH RWP
4327,MATRIC-9,A,SATELLITE TOWN SENIOR BRANCH RWP
2540,MATRIC-9,A,SATELLITE TOWN SENIOR BRANCH RWP
1402,MATRIC-9,A,SATELLITE TOWN SENIOR BRANCH RWP
1297,MATRIC-9,A,SATELLITE TOWN SENIOR BRANCH RWP
1266,MATRIC-9,A,SATELLITE TOWN SENIOR BRANCH RWP
1404,MATRIC-9,A,SATELLITE TOWN SENIOR BRANCH RWP
1253,MATRIC-9,A,SATELLITE TOWN SENIOR BRANCH RWP
1765,MATRIC-9,A,SATELLITE TOWN SENIOR BRANCH RWP
4054,MATRIC-9,A,SATELLITE TOWN SENIOR BRANCH RWP
5099,MATRIC-9,A,SATELLITE TOWN SENIOR BRANCH RWP
5091,Grade-3,ALPHA,I-8/4  PRIMARY BRANCH ISLAMABAD
3966,Grade-3,ALPHA,I-8/4  PRIMARY BRANCH ISLAMABAD
3999,Grade-3,ALPHA,I-8/4  PRIMARY BRANCH ISLAMABAD
2757,Grade-3,ALPHA,I-8/4  PRIMARY BRANCH ISLAMABAD
2863,Grade-3,ALPHA,I-8/4  PRIMARY BRANCH ISLAMABAD
2845,Grade-3,ALPHA,I-8/4  PRIMARY BRANCH ISLAMABAD
2945,Grade-3,ALPHA,I-8/4  PRIMARY BRANCH ISLAMABAD
2918,Grade-3,ALPHA,I-8/4  PRIMARY BRANCH ISLAMABAD
2895,Grade-3,ALPHA,I-8/4  PRIMARY BRANCH ISLAMABAD
3817,Grade-3,ALPHA,I-8/4  PRIMARY BRANCH ISLAMABAD
3765,Grade-3,ALPHA,I-8/4  PRIMARY BRANCH ISLAMABAD
3772,Grade-3,ALPHA,I-8/4  PRIMARY BRANCH ISLAMABAD
3693,Grade-3,ALPHA,I-8/4  PRIMARY BRANCH ISLAMABAD
3744,Grade-3,ALPHA,I-8/4  PRIMARY BRANCH ISLAMABAD
2610,Grade-3,ALPHA,I-8/4  PRIMARY BRANCH ISLAMABAD
2668,Grade-3,ALPHA,I-8/4  PRIMARY BRANCH ISLAMABAD
2691,Grade-3,ALPHA,I-8/4  PRIMARY BRANCH ISLAMABAD
2588,Grade-3,ALPHA,I-8/4  PRIMARY BRANCH ISLAMABAD
2596,Grade-3,ALPHA,I-8/4  PRIMARY BRANCH ISLAMABAD
4256,Grade-3,ALPHA,I-8/4  PRIMARY BRANCH ISLAMABAD
4292,Grade-3,BRAVO,I-8/4  PRIMARY BRANCH ISLAMABAD
4995,Grade-3,BRAVO,I-8/4  PRIMARY BRANCH ISLAMABAD
5024,Grade-3,BRAVO,I-8/4  PRIMARY BRANCH ISLAMABAD
5052,Grade-3,BRAVO,I-8/4  PRIMARY BRANCH ISLAMABAD
4984,Grade-3,BRAVO,I-8/4  PRIMARY BRANCH ISLAMABAD
4735,Grade-3,BRAVO,I-8/4  PRIMARY BRANCH ISLAMABAD
4802,Grade-3,BRAVO,I-8/4  PRIMARY BRANCH ISLAMABAD
3748,Grade-3,BRAVO,I-8/4  PRIMARY BRANCH ISLAMABAD
3091,Grade-3,BRAVO,I-8/4  PRIMARY BRANCH ISLAMABAD
3827,Grade-3,BRAVO,I-8/4  PRIMARY BRANCH ISLAMABAD
3739,Grade-3,BRAVO,I-8/4  PRIMARY BRANCH ISLAMABAD
2884,Grade-3,BRAVO,I-8/4  PRIMARY BRANCH ISLAMABAD
2931,Grade-3,BRAVO,I-8/4  PRIMARY BRANCH ISLAMABAD
3913,Grade-3,BRAVO,I-8/4  PRIMARY BRANCH ISLAMABAD
2779,Grade-3,BRAVO,I-8/4  PRIMARY BRANCH ISLAMABAD
2674,Grade-3,BRAVO,I-8/4  PRIMARY BRANCH ISLAMABAD
3989,Grade-3,BRAVO,I-8/4  PRIMARY BRANCH ISLAMABAD
4168,Grade-3,BRAVO,I-8/4  PRIMARY BRANCH ISLAMABAD
4120,Grade-3,BRAVO,I-8/4  PRIMARY BRANCH ISLAMABAD
3960,Grade-3,CHARLIE,I-8/4  PRIMARY BRANCH ISLAMABAD
4003,Grade-3,CHARLIE,I-8/4  PRIMARY BRANCH ISLAMABAD
2706,Grade-3,CHARLIE,I-8/4  PRIMARY BRANCH ISLAMABAD
2815,Grade-3,CHARLIE,I-8/4  PRIMARY BRANCH ISLAMABAD
2826,Grade-3,CHARLIE,I-8/4  PRIMARY BRANCH ISLAMABAD
2776,Grade-3,CHARLIE,I-8/4  PRIMARY BRANCH ISLAMABAD
2698,Grade-3,CHARLIE,I-8/4  PRIMARY BRANCH ISLAMABAD
2872,Grade-3,CHARLIE,I-8/4  PRIMARY BRANCH ISLAMABAD
2897,Grade-3,CHARLIE,I-8/4  PRIMARY BRANCH ISLAMABAD
3003,Grade-3,CHARLIE,I-8/4  PRIMARY BRANCH ISLAMABAD
2601,Grade-3,CHARLIE,I-8/4  PRIMARY BRANCH ISLAMABAD
2714,Grade-3,CHARLIE,I-8/4  PRIMARY BRANCH ISLAMABAD
2485,Grade-3,CHARLIE,I-8/4  PRIMARY BRANCH ISLAMABAD
1429,Grade-3,CHARLIE,I-8/4  PRIMARY BRANCH ISLAMABAD
4793,Grade-3,CHARLIE,I-8/4  PRIMARY BRANCH ISLAMABAD
4921,Grade-3,CHARLIE,I-8/4  PRIMARY BRANCH ISLAMABAD
4948,Grade-3,CHARLIE,I-8/4  PRIMARY BRANCH ISLAMABAD
4644,Grade-3,CHARLIE,I-8/4  PRIMARY BRANCH ISLAMABAD
5063,Grade-3,CHARLIE,I-8/4  PRIMARY BRANCH ISLAMABAD
4647,Grade-3,DELTA,I-8/4  PRIMARY BRANCH ISLAMABAD
2661,Grade-3,DELTA,I-8/4  PRIMARY BRANCH ISLAMABAD
2556,Grade-3,DELTA,I-8/4  PRIMARY BRANCH ISLAMABAD
2585,Grade-3,DELTA,I-8/4  PRIMARY BRANCH ISLAMABAD
2988,Grade-3,DELTA,I-8/4  PRIMARY BRANCH ISLAMABAD
2981,Grade-3,DELTA,I-8/4  PRIMARY BRANCH ISLAMABAD
3052,Grade-3,DELTA,I-8/4  PRIMARY BRANCH ISLAMABAD
3735,Grade-3,DELTA,I-8/4  PRIMARY BRANCH ISLAMABAD
2944,Grade-3,DELTA,I-8/4  PRIMARY BRANCH ISLAMABAD
2939,Grade-3,DELTA,I-8/4  PRIMARY BRANCH ISLAMABAD
2828,Grade-3,DELTA,I-8/4  PRIMARY BRANCH ISLAMABAD
2829,Grade-3,DELTA,I-8/4  PRIMARY BRANCH ISLAMABAD
2846,Grade-3,DELTA,I-8/4  PRIMARY BRANCH ISLAMABAD
3942,Grade-3,DELTA,I-8/4  PRIMARY BRANCH ISLAMABAD
3943,Grade-3,DELTA,I-8/4  PRIMARY BRANCH ISLAMABAD
3856,Grade-3,DELTA,I-8/4  PRIMARY BRANCH ISLAMABAD
4184,Grade-3,DELTA,I-8/4  PRIMARY BRANCH ISLAMABAD
4071,Grade-3,DELTA,I-8/4  PRIMARY BRANCH ISLAMABAD
2976,MATRIC-8,A,I-8/4 SENIOR BRANCH ISLAMABAD
2890,MATRIC-8,A,I-8/4 SENIOR BRANCH ISLAMABAD
3004,MATRIC-8,A,I-8/4 SENIOR BRANCH ISLAMABAD
1101,MATRIC-8,A,I-8/4 SENIOR BRANCH ISLAMABAD
2034,MATRIC-8,A,I-8/4 SENIOR BRANCH ISLAMABAD
4603,MATRIC-8,A,I-8/4 SENIOR BRANCH ISLAMABAD
4988,MATRIC-8,A,I-8/4 SENIOR BRANCH ISLAMABAD
5066,MATRIC-8,A,I-8/4 SENIOR BRANCH ISLAMABAD
5100,MATRIC-8,A,I-8/4 SENIOR BRANCH ISLAMABAD
5128,MATRIC-8,A,I-8/4 SENIOR BRANCH ISLAMABAD
5032,MATRIC-9,A,I-8/4 SENIOR BRANCH ISLAMABAD
4806,MATRIC-9,A,I-8/4 SENIOR BRANCH ISLAMABAD
4818,MATRIC-9,A,I-8/4 SENIOR BRANCH ISLAMABAD
4714,MATRIC-9,A,I-8/4 SENIOR BRANCH ISLAMABAD
4373,MATRIC-9,A,I-8/4 SENIOR BRANCH ISLAMABAD
1970,MATRIC-9,A,I-8/4 SENIOR BRANCH ISLAMABAD
1389,MATRIC-9,A,I-8/4 SENIOR BRANCH ISLAMABAD
1008,MATRIC-9,A,I-8/4 SENIOR BRANCH ISLAMABAD
1322,MATRIC-9,A,I-8/4 SENIOR BRANCH ISLAMABAD
1336,MATRIC-9,A,I-8/4 SENIOR BRANCH ISLAMABAD
1344,MATRIC-9,A,I-8/4 SENIOR BRANCH ISLAMABAD
1345,MATRIC-9,A,I-8/4 SENIOR BRANCH ISLAMABAD
2086,MATRIC-9,A,I-8/4 SENIOR BRANCH ISLAMABAD
2985,MATRIC-9,A,I-8/4 SENIOR BRANCH ISLAMABAD
2090,IGCSE-8,A,I-8/4 SENIOR BRANCH ISLAMABAD
2057,IGCSE-8,A,I-8/4 SENIOR BRANCH ISLAMABAD
2381,IGCSE-8,A,I-8/4 SENIOR BRANCH ISLAMABAD
2563,IGCSE-8,A,I-8/4 SENIOR BRANCH ISLAMABAD
1310,IGCSE-8,A,I-8/4 SENIOR BRANCH ISLAMABAD
1311,IGCSE-8,A,I-8/4 SENIOR BRANCH ISLAMABAD
1314,IGCSE-8,A,I-8/4 SENIOR BRANCH ISLAMABAD
1056,IGCSE-8,A,I-8/4 SENIOR BRANCH ISLAMABAD
1043,IGCSE-8,A,I-8/4 SENIOR BRANCH ISLAMABAD
1269,IGCSE-8,A,I-8/4 SENIOR BRANCH ISLAMABAD
1482,IGCSE-8,A,I-8/4 SENIOR BRANCH ISLAMABAD
1176,IGCSE-8,A,I-8/4 SENIOR BRANCH ISLAMABAD
1395,IGCSE-8,A,I-8/4 SENIOR BRANCH ISLAMABAD
1214,IGCSE-8,A,I-8/4 SENIOR BRANCH ISLAMABAD
1215,IGCSE-8,A,I-8/4 SENIOR BRANCH ISLAMABAD
1023,IGCSE-8,A,I-8/4 SENIOR BRANCH ISLAMABAD
1560,IGCSE-8,A,I-8/4 SENIOR BRANCH ISLAMABAD
1920,IGCSE-8,A,I-8/4 SENIOR BRANCH ISLAMABAD
4215,IGCSE-8,A,I-8/4 SENIOR BRANCH ISLAMABAD
4509,IGCSE-8,A,I-8/4 SENIOR BRANCH ISLAMABAD
5012,IGCSE-8,A,I-8/4 SENIOR BRANCH ISLAMABAD
5149,IGCSE-8,A,I-8/4 SENIOR BRANCH ISLAMABAD
5087,IGCSE-8,A,I-8/4 SENIOR BRANCH ISLAMABAD
5070,IGCSE-8,A,I-8/4 SENIOR BRANCH ISLAMABAD
4820,IGCSE-9,A,I-8/4 SENIOR BRANCH ISLAMABAD
4658,IGCSE-9,A,I-8/4 SENIOR BRANCH ISLAMABAD
1568,IGCSE-9,A,I-8/4 SENIOR BRANCH ISLAMABAD
1320,IGCSE-9,A,I-8/4 SENIOR BRANCH ISLAMABAD
1332,IGCSE-9,A,I-8/4 SENIOR BRANCH ISLAMABAD
2078,IGCSE-9,A,I-8/4 SENIOR BRANCH ISLAMABAD
3946,IGCSE-9,A,I-8/4 SENIOR BRANCH ISLAMABAD
3060,MATRIC-10,A,SATELLITE TOWN SENIOR BRANCH RWP
2961,MATRIC-10,A,SATELLITE TOWN SENIOR BRANCH RWP
1420,MATRIC-10,A,SATELLITE TOWN SENIOR BRANCH RWP
1052,MATRIC-10,A,SATELLITE TOWN SENIOR BRANCH RWP
1394,MATRIC-10,A,SATELLITE TOWN SENIOR BRANCH RWP
1210,MATRIC-10,A,SATELLITE TOWN SENIOR BRANCH RWP
1464,MATRIC-10,A,SATELLITE TOWN SENIOR BRANCH RWP
2117,MATRIC-10,A,SATELLITE TOWN SENIOR BRANCH RWP
1760,MATRIC-10,A,SATELLITE TOWN SENIOR BRANCH RWP
4318,MATRIC-10,A,SATELLITE TOWN SENIOR BRANCH RWP
4779,MATRIC-10,A,SATELLITE TOWN SENIOR BRANCH RWP
4831,INFANT,A,I-8/4  DAYCARE BRANCH ISLAMABAD
4835,INFANT,A,I-8/4  DAYCARE BRANCH ISLAMABAD
4871,INFANT,A,I-8/4  DAYCARE BRANCH ISLAMABAD
4956,INFANT,A,I-8/4  DAYCARE BRANCH ISLAMABAD
5082,INFANT,A,I-8/4  DAYCARE BRANCH ISLAMABAD
5146,INFANT,A,I-8/4  DAYCARE BRANCH ISLAMABAD
5173,INFANT,A,I-8/4  DAYCARE BRANCH ISLAMABAD
5175,INFANT,A,I-8/4  DAYCARE BRANCH ISLAMABAD
5155,BUTTER FLIES,A,I-8/4  DAYCARE BRANCH ISLAMABAD
5051,BUTTER FLIES,A,I-8/4  DAYCARE BRANCH ISLAMABAD
5049,BUTTER FLIES,A,I-8/4  DAYCARE BRANCH ISLAMABAD
4246,BUTTER FLIES,A,I-8/4  DAYCARE BRANCH ISLAMABAD
4650,BUTTER FLIES,A,I-8/4  DAYCARE BRANCH ISLAMABAD
4655,BUTTER FLIES,A,I-8/4  DAYCARE BRANCH ISLAMABAD
4506,BUTTER FLIES,A,I-8/4  DAYCARE BRANCH ISLAMABAD
4536,BUTTER FLIES,A,I-8/4  DAYCARE BRANCH ISLAMABAD
4594,PLAY GROUP,A,I-8/4  DAYCARE BRANCH ISLAMABAD
4675,PLAY GROUP,A,I-8/4  DAYCARE BRANCH ISLAMABAD
4247,PLAY GROUP,A,I-8/4  DAYCARE BRANCH ISLAMABAD
4236,PLAY GROUP,A,I-8/4  DAYCARE BRANCH ISLAMABAD
4354,PLAY GROUP,A,I-8/4  DAYCARE BRANCH ISLAMABAD
5050,PLAY GROUP,A,I-8/4  DAYCARE BRANCH ISLAMABAD
5064,PLAY GROUP,A,I-8/4  DAYCARE BRANCH ISLAMABAD
4958,PLAY GROUP,A,I-8/4  DAYCARE BRANCH ISLAMABAD
4957,PLAY GROUP,A,I-8/4  DAYCARE BRANCH ISLAMABAD
4904,PLAY GROUP,A,I-8/4  DAYCARE BRANCH ISLAMABAD
4809,PLAY GROUP,A,I-8/4  DAYCARE BRANCH ISLAMABAD
4124,PLAY GROUP,A,I-8/4  DAYCARE BRANCH ISLAMABAD
4205,PLAY GROUP,A,I-8/4  DAYCARE BRANCH ISLAMABAD
4204,PLAY GROUP,A,I-8/4  DAYCARE BRANCH ISLAMABAD
5174,PLAY GROUP,A,I-8/4  DAYCARE BRANCH ISLAMABAD
5117,PLAY GROUP,A,I-8/4  DAYCARE BRANCH ISLAMABAD
5075,PLAY GROUP,A,I-8/4  DAYCARE BRANCH ISLAMABAD
5094,PLAY GROUP,A,I-8/4  DAYCARE BRANCH ISLAMABAD
5101,MATRIC-10,A,I-8/4 SENIOR BRANCH ISLAMABAD
3961,MATRIC-10,A,I-8/4 SENIOR BRANCH ISLAMABAD
2038,MATRIC-10,A,I-8/4 SENIOR BRANCH ISLAMABAD
1977,MATRIC-10,A,I-8/4 SENIOR BRANCH ISLAMABAD
1349,MATRIC-10,A,I-8/4 SENIOR BRANCH ISLAMABAD
1351,MATRIC-10,A,I-8/4 SENIOR BRANCH ISLAMABAD
1368,MATRIC-10,A,I-8/4 SENIOR BRANCH ISLAMABAD
1363,MATRIC-10,A,I-8/4 SENIOR BRANCH ISLAMABAD
1587,MATRIC-10,A,I-8/4 SENIOR BRANCH ISLAMABAD
2479,MATRIC-10,A,I-8/4 SENIOR BRANCH ISLAMABAD
4843,MATRIC-10,A,I-8/4 SENIOR BRANCH ISLAMABAD
4819,MATRIC-10,A,I-8/4 SENIOR BRANCH ISLAMABAD
4297,MATRIC-10,A,I-8/4 SENIOR BRANCH ISLAMABAD
4400,MATRIC-10,A,I-8/4 SENIOR BRANCH ISLAMABAD
4691,MATRIC-10,A,I-8/4 SENIOR BRANCH ISLAMABAD
4510,MATRIC-10,A,I-8/4 SENIOR BRANCH ISLAMABAD
4499,IGCSE-10,A,I-8/4 SENIOR BRANCH ISLAMABAD
1065,IGCSE-10,A,I-8/4 SENIOR BRANCH ISLAMABAD
1365,IGCSE-10,A,I-8/4 SENIOR BRANCH ISLAMABAD
1359,IGCSE-10,A,I-8/4 SENIOR BRANCH ISLAMABAD
1033,IGCSE-10,A,I-8/4 SENIOR BRANCH ISLAMABAD
1935,IGCSE-10,A,I-8/4 SENIOR BRANCH ISLAMABAD
2364,Grade-4,ALPHA,I-8/4  PRIMARY BRANCH ISLAMABAD
4051,Grade-4,ALPHA,I-8/4  PRIMARY BRANCH ISLAMABAD
2723,Grade-4,ALPHA,I-8/4  PRIMARY BRANCH ISLAMABAD
3012,Grade-4,ALPHA,I-8/4  PRIMARY BRANCH ISLAMABAD
3013,Grade-4,ALPHA,I-8/4  PRIMARY BRANCH ISLAMABAD
3000,Grade-4,ALPHA,I-8/4  PRIMARY BRANCH ISLAMABAD
3086,Grade-4,ALPHA,I-8/4  PRIMARY BRANCH ISLAMABAD
4458,Grade-4,ALPHA,I-8/4  PRIMARY BRANCH ISLAMABAD
4561,Grade-4,ALPHA,I-8/4  PRIMARY BRANCH ISLAMABAD
4645,Grade-4,ALPHA,I-8/4  PRIMARY BRANCH ISLAMABAD
4620,Grade-4,ALPHA,I-8/4  PRIMARY BRANCH ISLAMABAD
4396,Grade-4,ALPHA,I-8/4  PRIMARY BRANCH ISLAMABAD
4303,Grade-4,ALPHA,I-8/4  PRIMARY BRANCH ISLAMABAD
4237,Grade-4,ALPHA,I-8/4  PRIMARY BRANCH ISLAMABAD
4278,Grade-4,ALPHA,I-8/4  PRIMARY BRANCH ISLAMABAD
4293,Grade-4,ALPHA,I-8/4  PRIMARY BRANCH ISLAMABAD
4260,Grade-4,ALPHA,I-8/4  PRIMARY BRANCH ISLAMABAD
4743,Grade-4,ALPHA,I-8/4  PRIMARY BRANCH ISLAMABAD
4750,Grade-4,ALPHA,I-8/4  PRIMARY BRANCH ISLAMABAD
4947,Grade-4,ALPHA,I-8/4  PRIMARY BRANCH ISLAMABAD
4992,Grade-4,ALPHA,I-8/4  PRIMARY BRANCH ISLAMABAD
5007,Grade-4,ALPHA,I-8/4  PRIMARY BRANCH ISLAMABAD
5047,Grade-4,ALPHA,I-8/4  PRIMARY BRANCH ISLAMABAD
4325,Grade-4,BRAVO,I-8/4  PRIMARY BRANCH ISLAMABAD
3828,Grade-4,BRAVO,I-8/4  PRIMARY BRANCH ISLAMABAD
2712,Grade-4,BRAVO,I-8/4  PRIMARY BRANCH ISLAMABAD
2665,Grade-4,BRAVO,I-8/4  PRIMARY BRANCH ISLAMABAD
2694,Grade-4,BRAVO,I-8/4  PRIMARY BRANCH ISLAMABAD
2838,Grade-4,BRAVO,I-8/4  PRIMARY BRANCH ISLAMABAD
2901,Grade-4,BRAVO,I-8/4  PRIMARY BRANCH ISLAMABAD
4042,Grade-4,BRAVO,I-8/4  PRIMARY BRANCH ISLAMABAD
2392,Grade-4,BRAVO,I-8/4  PRIMARY BRANCH ISLAMABAD
2467,Grade-4,BRAVO,I-8/4  PRIMARY BRANCH ISLAMABAD
2475,Grade-4,BRAVO,I-8/4  PRIMARY BRANCH ISLAMABAD
2510,Grade-4,BRAVO,I-8/4  PRIMARY BRANCH ISLAMABAD
2537,Grade-4,BRAVO,I-8/4  PRIMARY BRANCH ISLAMABAD
2463,Grade-4,BRAVO,I-8/4  PRIMARY BRANCH ISLAMABAD
2969,Grade-4,BRAVO,I-8/4  PRIMARY BRANCH ISLAMABAD
2437,Grade-4,BRAVO,I-8/4  PRIMARY BRANCH ISLAMABAD
2422,Grade-4,BRAVO,I-8/4  PRIMARY BRANCH ISLAMABAD
2553,Grade-4,BRAVO,I-8/4  PRIMARY BRANCH ISLAMABAD
2639,Grade-4,BRAVO,I-8/4  PRIMARY BRANCH ISLAMABAD
2640,Grade-4,BRAVO,I-8/4  PRIMARY BRANCH ISLAMABAD
1598,Grade-4,BRAVO,I-8/4  PRIMARY BRANCH ISLAMABAD
5071,Grade-4,BRAVO,I-8/4  PRIMARY BRANCH ISLAMABAD
5078,Grade-4,BRAVO,I-8/4  PRIMARY BRANCH ISLAMABAD
5147,Grade-4,CHARLIE,I-8/4  PRIMARY BRANCH ISLAMABAD
1924,Grade-4,CHARLIE,I-8/4  PRIMARY BRANCH ISLAMABAD
1864,Grade-4,CHARLIE,I-8/4  PRIMARY BRANCH ISLAMABAD
2649,Grade-4,CHARLIE,I-8/4  PRIMARY BRANCH ISLAMABAD
2583,Grade-4,CHARLIE,I-8/4  PRIMARY BRANCH ISLAMABAD
2576,Grade-4,CHARLIE,I-8/4  PRIMARY BRANCH ISLAMABAD
2615,Grade-4,CHARLIE,I-8/4  PRIMARY BRANCH ISLAMABAD
2611,Grade-4,CHARLIE,I-8/4  PRIMARY BRANCH ISLAMABAD
2425,Grade-4,CHARLIE,I-8/4  PRIMARY BRANCH ISLAMABAD
2491,Grade-4,CHARLIE,I-8/4  PRIMARY BRANCH ISLAMABAD
2464,Grade-4,CHARLIE,I-8/4  PRIMARY BRANCH ISLAMABAD
2476,Grade-4,CHARLIE,I-8/4  PRIMARY BRANCH ISLAMABAD
2570,Grade-4,CHARLIE,I-8/4  PRIMARY BRANCH ISLAMABAD
2360,Grade-4,CHARLIE,I-8/4  PRIMARY BRANCH ISLAMABAD
2370,Grade-4,CHARLIE,I-8/4  PRIMARY BRANCH ISLAMABAD
2409,Grade-4,CHARLIE,I-8/4  PRIMARY BRANCH ISLAMABAD
2380,Grade-4,CHARLIE,I-8/4  PRIMARY BRANCH ISLAMABAD
2277,Grade-4,CHARLIE,I-8/4  PRIMARY BRANCH ISLAMABAD
2217,Grade-4,CHARLIE,I-8/4  PRIMARY BRANCH ISLAMABAD
2866,Grade-4,CHARLIE,I-8/4  PRIMARY BRANCH ISLAMABAD
3738,Grade-4,CHARLIE,I-8/4  PRIMARY BRANCH ISLAMABAD
4317,Grade-4,CHARLIE,I-8/4  PRIMARY BRANCH ISLAMABAD
4946,Grade-4,CHARLIE,I-8/4  PRIMARY BRANCH ISLAMABAD
4926,Grade-4,CHARLIE,I-8/4  PRIMARY BRANCH ISLAMABAD
5185,NURSERY,BLUE,I-8/4 NURSERY BRANCH ISLAMABAD
