Scale No,InitialBasic,HouseRent,Medical,Special,Allowances,GrossPay,IsAdhoc,Effect From,Department,Active Status
1,8959,3584,896,,4480,13439,False,01/09/2016,Academic,Inactive
2,9228,3691,923,,4614,13842,False,01/09/2016,Academic,Inactive
3,9505,3802,950,,4752,14257,False,01/09/2016,Academic,Inactive
4,9790,3916,979,,4895,14685,False,01/09/2016,Academic,Inactive
5,10084,4034,1008,,5042,15126,False,01/09/2016,Academic,Inactive
6,10386,4155,1039,,5194,15580,False,01/09/2016,Academic,Inactive
7,10698,4279,1070,,5349,16047,False,01/09/2016,Academic,Inactive
8,11019,4408,1102,,5510,16528,False,01/09/2016,Academic,Inactive
9,8445,4540,1135,,5675,17024,False,01/09/2016,Academic,Inactive
10,11690,4676,1169,,5845,17535,False,01/09/2016,Academic,Inactive
11,12041,4816,1204,,6020,18061,False,01/09/2016,Academic,Inactive
12,12402,4961,1240,,6201,18603,False,01/09/2016,Academic,Inactive
13,12774,5110,1277,,6387,19161,False,01/09/2016,Academic,Inactive
14,13157,5263,1316,,6579,19736,False,01/09/2016,Academic,Inactive
15,13552,5421,1355,,6776,20328,False,01/09/2016,Academic,Inactive
16,13958,5583,1396,,6979,20938,False,01/09/2016,Academic,Inactive
17,14377,5751,1438,,7189,21566,False,01/09/2016,Academic,Inactive
18,14808,5923,1481,,7404,22213,False,01/09/2016,Academic,Inactive
19,15253,6101,1525,,7626,22879,False,01/09/2016,Academic,Inactive
20,15710,6284,1571,,7855,23565,False,01/09/2016,Academic,Inactive
21,16182,6473,1618,,8091,24272,False,01/09/2016,Academic,Inactive
22,16667,6667,1667,,8334,25001,False,01/09/2016,Academic,Inactive
23,17167,6867,1717,,8584,25751,False,01/09/2016,Academic,Inactive
24,17682,7073,1768,,8841,26523,False,01/09/2016,Academic,Inactive
25,18213,7285,1821,,9106,27319,False,01/09/2016,Academic,Inactive
26,18759,7504,1876,,9380,28138,False,01/09/2016,Academic,Inactive
27,19322,7729,1932,,9661,28982,False,01/09/2016,Academic,Inactive
28,19901,7961,1990,,9951,29852,False,01/09/2016,Academic,Inactive
29,20498,8199,2050,,10249,30748,False,01/09/2016,Academic,Inactive
30,21113,8445,2111,,10556,31670,False,01/09/2016,Academic,Inactive
31,21747,8699,2175,,10874,32620,False,01/09/2016,Academic,Inactive
32,22399,8960,2240,,11200,33599,False,01/09/2016,Academic,Inactive
33,23071,9228,2307,,11535,34607,False,01/09/2016,Academic,Inactive
34,23763,9505,2376,,11881,35645,False,01/09/2016,Academic,Inactive
35,24476,9790,2448,,12238,36714,False,01/09/2016,Academic,Inactive
36,25210,10084,2521,,12605,37816,False,01/09/2016,Academic,Inactive
37,25967,10387,2597,,12984,38950,False,01/09/2016,Academic,Inactive
38,26746,10698,2675,,13373,40119,False,01/09/2016,Academic,Inactive
39,27548,11019,2755,,13774,41322,False,01/09/2016,Academic,Inactive
40,28375,11350,2837,,14187,42562,False,01/09/2016,Academic,Inactive
41,29226,11690,2923,,14613,43839,False,01/09/2016,Academic,Inactive
42,30103,12041,3010,,15051,45154,False,01/09/2016,Academic,Inactive
43,31006,12402,3101,,15503,46508,False,01/09/2016,Academic,Inactive
44,31936,12774,3194,,15968,47904,False,01/09/2016,Academic,Inactive
45,32894,13158,3289,,16447,49341,False,01/09/2016,Academic,Inactive
46,33881,13552,3388,,16940,50821,False,01/09/2016,Academic,Inactive
47,34897,13959,3490,,17449,52346,False,01/09/2016,Academic,Inactive
48,35944,14378,3594,,17972,53916,False,01/09/2016,Academic,Inactive
49,37022,14809,3702,,18511,55533,False,01/09/2016,Academic,Inactive
50,38133,15253,3813,,19066,57199,False,01/09/2016,Academic,Inactive
51,39277,15711,3928,,19639,58915,False,01/09/2016,Academic,Inactive
52,40455,16182,4046,,20228,60683,False,01/09/2016,Academic,Inactive
53,41669,16668,4167,,20835,62503,False,01/09/2016,Academic,Inactive
54,42919,17168,4292,,21460,64378,False,01/09/2016,Academic,Inactive
55,44207,17683,4421,,22104,66310,False,01/09/2016,Academic,Inactive
56,45533,18213,4553,,22766,68299,False,01/09/2016,Academic,Inactive
57,46899,18759,4690,,23449,70348,False,01/09/2016,Academic,Inactive
58,48306,19322,4831,,24153,72459,False,01/09/2016,Academic,Inactive
59,49755,19902,4975,,24877,74632,False,01/09/2016,Academic,Inactive
60,51248,20499,5125,,25624,76871,False,01/09/2016,Academic,Inactive
61,52785,21114,5278,,26392,79177,False,01/09/2016,Academic,Inactive
62,54369,21747,5437,,27184,81553,False,01/09/2016,Academic,Inactive
63,56000,22400,5600,,28000,83999,False,01/09/2016,Academic,Inactive
64,57680,23072,5768,,28840,86519,False,01/09/2016,Academic,Inactive
65,59410,23764,5941,,29705,89115,False,01/09/2016,Academic,Inactive
66,61192,24477,6119,,30596,91788,False,01/09/2016,Academic,Inactive
67,63028,25211,6303,,31514,94542,False,01/09/2016,Academic,Inactive
68,64919,25968,6492,,32460,97378,False,01/09/2016,Academic,Inactive
69,66866,26747,6687,,33434,100300,False,01/09/2016,Academic,Inactive
1,12041,4816,1204,,6020,18061,False,01/09/2016,Administration,Inactive
2,12402,4961,1240,,6201,18603,False,01/09/2016,Administration,Inactive
3,12774,5110,1277,,6387,19161,False,01/09/2016,Administration,Inactive
4,13157,5263,1316,,6579,19736,False,01/09/2016,Administration,Inactive
5,13552,5421,1355,,6776,20328,False,01/09/2016,Administration,Inactive
6,13958,5583,1396,,6979,20938,False,01/09/2016,Administration,Inactive
7,14377,5751,1438,,7189,21566,False,01/09/2016,Administration,Inactive
8,14808,5923,1481,,7404,22213,False,01/09/2016,Administration,Inactive
9,15253,6101,1525,,7626,22879,False,01/09/2016,Administration,Inactive
10,15710,6284,1571,,7855,23565,False,01/09/2016,Administration,Inactive
11,16182,6473,1618,,8091,24272,False,01/09/2016,Administration,Inactive
12,16667,6667,1667,,8334,25001,False,01/09/2016,Administration,Inactive
13,17167,6867,1717,,8584,25751,False,01/09/2016,Administration,Inactive
14,17682,7073,1768,,8841,26523,False,01/09/2016,Administration,Inactive
15,18213,7285,1821,,9106,27319,False,01/09/2016,Administration,Inactive
16,18759,7504,1876,,9380,28138,False,01/09/2016,Administration,Inactive
17,19322,7729,1932,,9661,28982,False,01/09/2016,Administration,Inactive
18,19901,7961,1990,,9951,29852,False,01/09/2016,Administration,Inactive
19,20498,8199,2050,,10249,30748,False,01/09/2016,Administration,Inactive
20,21113,8445,2111,,10556,31670,False,01/09/2016,Administration,Inactive
21,21747,8699,2175,,10874,32620,False,01/09/2016,Administration,Inactive
22,22399,8960,2240,,11200,33599,False,01/09/2016,Administration,Inactive
23,23071,9228,2307,,11535,34607,False,01/09/2016,Administration,Inactive
24,23763,9505,2376,,11881,35645,False,01/09/2016,Administration,Inactive
25,24476,9790,2448,,12238,36714,False,01/09/2016,Administration,Inactive
26,25210,10084,2521,,12605,37816,False,01/09/2016,Administration,Inactive
27,25967,10387,2597,,12984,38950,False,01/09/2016,Administration,Inactive
28,26746,10698,2675,,13373,40119,False,01/09/2016,Administration,Inactive
29,27548,11019,2755,,13774,41322,False,01/09/2016,Administration,Inactive
30,28375,11350,2837,,14187,42562,False,01/09/2016,Administration,Inactive
31,29226,11690,2923,,14613,43839,False,01/09/2016,Administration,Inactive
32,30103,12041,3010,,15051,45154,False,01/09/2016,Administration,Inactive
33,31006,12402,3101,,15503,46508,False,01/09/2016,Administration,Inactive
34,31936,12774,3194,,15968,47904,False,01/09/2016,Administration,Inactive
35,32894,13158,3289,,16447,49341,False,01/09/2016,Administration,Inactive
1,9505,3802,950,,4752,14257,False,01/09/2016,Domestic,Active
2,9790,3916,979,,4895,14685,False,01/09/2016,Domestic,Active
3,10084,4034,1008,,5042,15126,False,01/09/2016,Domestic,Active
4,10386,4155,1039,,5194,15580,False,01/09/2016,Domestic,Active
5,10698,4279,1070,,5349,16047,False,01/09/2016,Domestic,Active
6,11019,4408,1102,,5510,16528,False,01/09/2016,Domestic,Active
7,11349,4540,1135,,5675,17024,False,01/09/2016,Domestic,Active
8,11690,4676,1169,,5845,17535,False,01/09/2016,Domestic,Active
9,12041,4816,1204,,6020,18061,False,01/09/2016,Domestic,Active
10,12402,4961,1240,,6201,18603,False,01/09/2016,Domestic,Active
11,12774,5110,1277,,6387,19161,False,01/09/2016,Domestic,Active
12,13157,5263,1316,,6579,19736,False,01/09/2016,Domestic,Active
13,13552,5421,1355,,6776,20328,False,01/09/2016,Domestic,Active
14,13958,5583,1396,,6979,20938,False,01/09/2016,Domestic,Active
15,14377,5751,1438,,7189,21566,False,01/09/2016,Domestic,Active
16,14808,5923,1481,,7404,22213,False,01/09/2016,Domestic,Active
17,15253,6101,1525,,7626,22879,False,01/09/2016,Domestic,Active
18,15710,6284,1571,,7855,23565,False,01/09/2016,Domestic,Active
19,16182,6473,1618,,8091,24272,False,01/09/2016,Domestic,Active
20,16667,6667,1667,,8334,25001,False,01/09/2016,Domestic,Active
21,17167,6867,1717,,8584,25751,False,01/09/2016,Domestic,Active
22,17682,7073,1768,,8841,26523,False,01/09/2016,Domestic,Active
23,18213,7285,1821,,9106,27319,False,01/09/2016,Domestic,Active
24,18759,7504,1876,,9380,28138,False,01/09/2016,Domestic,Active
25,19322,7729,1932,,9661,28982,False,01/09/2016,Domestic,Active
26,19901,7961,1990,,9951,29852,False,01/09/2016,Domestic,Active
27,20498,8199,2050,,10249,30748,False,01/09/2016,Domestic,Active
28,21113,8445,2111,,10556,31670,False,01/09/2016,Domestic,Active
29,21747,8699,2175,,10874,32620,False,01/09/2016,Domestic,Active
30,22399,8960,2240,,11200,33599,False,01/09/2016,Domestic,Active
31,23071,9228,2307,,11535,34607,False,01/09/2016,Domestic,Active
32,23763,9505,2376,,11881,35645,False,01/09/2016,Domestic,Active
33,24476,9790,2448,,12238,36714,False,01/09/2016,Domestic,Active
34,25210,10084,2521,,12605,37816,False,01/09/2016,Domestic,Active
35,25967,10387,2597,,12984,38950,False,01/09/2016,Domestic,Active
36,26746,10698,2675,,13373,40119,False,01/09/2016,Domestic,Active
1,36301,,3630,10890,14520,50821,False,01/09/2016,Management,Inactive
2,37390,,3739,11217,14956,52346,False,01/09/2016,Management,Inactive
3,38511,,3851,11553,15404,53916,False,01/09/2016,Management,Inactive
4,39667,,3967,11900,15867,55533,False,01/09/2016,Management,Inactive
5,40857,,4086,12257,16343,57199,False,01/09/2016,Management,Inactive
6,42082,,4208,12625,16833,58915,False,01/09/2016,Management,Inactive
7,43345,,4334,13003,17337,60683,False,01/09/2016,Management,Inactive
8,44645,,4465,13394,17859,62503,False,01/09/2016,Management,Inactive
9,45985,,4598,13795,18393,64378,False,01/09/2016,Management,Inactive
10,47364,,4736,14209,18945,66310,False,01/09/2016,Management,Inactive
11,48785,,4879,14636,19515,68299,False,01/09/2016,Management,Inactive
12,50249,,5025,15075,20100,70348,False,01/09/2016,Management,Inactive
13,51756,,5176,15527,20703,72459,False,01/09/2016,Management,Inactive
14,53309,,5331,15993,21324,74632,False,01/09/2016,Management,Inactive
15,54908,,5491,16472,21963,76871,False,01/09/2016,Management,Inactive
16,56555,,5656,16967,22623,79177,False,01/09/2016,Management,Inactive
17,58252,,5825,17476,23301,81553,False,01/09/2016,Management,Inactive
18,60000,,6000,18000,24000,83999,False,01/09/2016,Management,Inactive
19,61800,,6180,18540,24720,86519,False,01/09/2016,Management,Inactive
20,63653,,6365,19096,25461,89115,False,01/09/2016,Management,Inactive
21,65563,,6556,19669,26225,91788,False,01/09/2016,Management,Inactive
22,67530,,6753,20259,27012,94542,False,01/09/2016,Management,Inactive
23,69556,,6956,20867,27823,97378,False,01/09/2016,Management,Inactive
24,71643,,7164,21493,28657,100300,False,01/09/2016,Management,Inactive
25,73792,,7379,22138,29517,103309,False,01/09/2016,Management,Inactive
26,76006,,7601,22802,30403,106408,False,01/09/2016,Management,Inactive
27,78286,,7829,23486,31315,109600,False,01/09/2016,Management,Inactive
28,80634,,8063,24190,32253,112888,False,01/09/2016,Management,Inactive
29,83053,,8305,24916,33221,116275,False,01/09/2016,Management,Inactive
30,85545,,8554,25663,34217,119763,False,01/09/2016,Management,Inactive
31,88111,,8811,26433,35244,123356,False,01/09/2016,Management,Inactive
32,90755,,9075,27226,36301,127057,False,01/09/2016,Management,Inactive
33,93477,,9348,28043,37391,130868,False,01/09/2016,Management,Inactive
34,96282,,9628,28884,38512,134794,False,01/09/2016,Management,Inactive
35,99170,,9917,29751,39668,138838,False,01/09/2016,Management,Inactive
36,102145,,10215,30644,40859,143003,False,01/09/2016,Management,Inactive
37,105210,,10521,31563,42084,147293,False,01/09/2016,Management,Inactive
38,108366,,10837,32510,43347,151712,False,01/09/2016,Management,Inactive
39,111617,,11162,33485,44647,156264,False,01/09/2016,Management,Inactive
40,114965,,11497,34490,45987,160951,False,01/09/2016,Management,Inactive
41,118414,,11841,35524,47365,165780,False,01/09/2016,Management,Inactive
42,121967,,12197,36590,48787,170753,False,01/09/2016,Management,Inactive
43,125626,,12563,37688,50251,175876,False,01/09/2016,Management,Inactive
44,129394,,12939,38818,51757,181152,False,01/09/2016,Management,Inactive
45,133276,,13328,39983,53311,186587,False,01/09/2016,Management,Inactive
46,137275,,13727,41182,54909,192184,False,01/09/2016,Management,Inactive
47,141393,,14139,42418,56557,197950,False,01/09/2016,Management,Inactive
48,145635,,14563,43690,58253,203888,False,01/09/2016,Management,Inactive
73,101141,40457,10114,,50571,151712,False,01/09/2016,Administration,Inactive
49,150004,0,15000,45001,60001,210005,False,01/09/2016,Management,Inactive
50,154504,0,15450,46351,61801,216305,False,01/09/2016,Management,Inactive
51,159139,0,15914,47742,63656,222794,False,01/09/2016,Management,Inactive
52,163913,0,16391,49174,65565,229478,False,01/09/2016,Management,Inactive
53,168830,0,16883,50649,67532,236363,False,01/09/2016,Management,Inactive
54,173895,0,17390,52169,69559,243453,False,01/09/2016,Management,Inactive
55,179112,0,17911,53734,71645,250757,False,01/09/2016,Management,Inactive
6,,,,,0,,False,01/09/2016,Domestic,Active
36,33881,13552,3388,,16940,50821,False,01/09/2016,Administration,Inactive
37,34897,13959,3490,,17449,52346,False,01/09/2016,Administration,Inactive
38,35944,14378,3594,,17972,53916,False,01/09/2016,Administration,Inactive
39,37023,14809,3702,,18511,55534,False,01/08/2019,Administration,Inactive
40,38133,15253,3813,,19066,57200,False,01/08/2019,Administration,Inactive
41,39277,15711,3928,,19639,58916,False,01/08/2019,Administration,Inactive
42,40456,16182,4046,,20228,60683,False,01/08/2019,Administration,Inactive
43,41669,16668,4167,,20835,62504,False,01/08/2019,Administration,Inactive
44,42919,17168,4292,,21460,64379,False,01/08/2019,Administration,Inactive
45,44207,17683,4421,,22104,66310,False,01/08/2019,Administration,Inactive
46,45533,18213,4553,,22766,68300,False,01/08/2019,Administration,Inactive
47,46899,18760,4690,,23450,70349,False,01/08/2019,Administration,Inactive
48,48306,19322,4831,,24153,72459,False,01/08/2019,Administration,Inactive
49,49755,19902,4976,,24878,74633,False,01/08/2019,Administration,Inactive
50,51248,20499,5125,,25624,76872,False,01/08/2019,Administration,Inactive
51,52785,21114,5279,,26393,79178,False,01/08/2019,Administration,Inactive
52,54369,21748,5437,,27185,81553,False,01/08/2019,Administration,Inactive
53,56000,22400,5600,,28000,84000,False,01/08/2019,Administration,Inactive
54,57680,23072,5768,,28840,86520,False,01/08/2019,Administration,Inactive
55,59410,23764,5941,,29705,89115,False,01/08/2019,Administration,Inactive
56,61193,24477,6119,0,30596,91789,False,01/09/2019,Administration,Inactive
57,63028,25211,6303,0,31514,94543,False,01/09/2019,Administration,Inactive
58,64919,25968,6492,0,32460,97379,False,01/09/2019,Administration,Inactive
59,66867,26747,6687,0,33434,100300,False,01/09/2019,Administration,Inactive
60,68873,27549,6887,0,34436,103309,False,01/09/2019,Administration,Inactive
61,70939,28376,7094,0,35470,106409,False,01/09/2019,Administration,Inactive
62,73067,29227,7307,0,36534,109601,False,01/09/2019,Administration,Inactive
63,75259,30104,7526,0,37630,112889,False,01/09/2019,Administration,Inactive
64,77517,31007,7752,0,38759,116275,False,01/09/2019,Administration,Inactive
65,79842,31937,7984,0,39921,119764,False,01/09/2019,Administration,Inactive
66,82238,32895,8224,0,41119,123357,False,01/09/2019,Administration,Inactive
67,84705,33882,8470,0,42352,127057,False,01/09/2019,Administration,Inactive
68,87246,34898,8725,0,43623,130869,False,01/09/2019,Administration,Inactive
69,89863,35945,8986,0,44931,134795,False,01/09/2019,Administration,Inactive
70,92559,37024,9256,0,46280,138839,False,01/09/2019,Administration,Inactive
71,95336,38134,9534,0,47668,143004,False,01/09/2019,Administration,Inactive
72,98196,39278,9820,0,49098,147294,False,01/09/2019,Administration,Inactive
73,101142,40457,10114,0,50571,151713,False,01/09/2019,Administration,Inactive
74,104176,41671,10418,0,52089,156265,False,01/09/2019,Administration,Inactive
75,107302,42921,10730,0,53651,160952,False,01/09/2019,Administration,Inactive
76,110521,44208,11052,0,55260,165781,False,01/09/2019,Administration,Inactive
77,113836,45535,11384,0,56919,170754,False,01/09/2019,Administration,Inactive
78,117251,46901,11725,0,58626,175877,False,01/09/2019,Administration,Inactive
79,120769,48308,12077,0,60385,181153,False,01/09/2019,Administration,Inactive
80,124392,49757,12439,0,62196,186588,False,01/09/2019,Administration,Inactive
81,128124,51250,12812,0,64062,192186,False,01/09/2019,Administration,Inactive
82,131967,52787,13197,0,65984,197951,False,01/09/2019,Administration,Inactive
83,135927,54371,13593,0,67964,203890,False,01/09/2019,Administration,Inactive
84,140004,56002,14000,0,70002,210006,False,01/09/2019,Administration,Inactive
85,144204,57682,14420,0,72102,216307,False,01/09/2019,Administration,Inactive
86,148531,59412,14853,0,74265,222796,False,01/09/2019,Administration,Inactive
87,152986,61195,15299,0,76494,229480,False,01/09/2019,Administration,Inactive
88,157576,63030,15758,0,78788,236364,False,01/09/2019,Administration,Inactive
89,162303,64921,16230,0,81151,243455,False,01/09/2019,Administration,Inactive
90,167172,66869,16717,0,83586,250759,False,01/09/2019,Administration,Inactive
1,6000,,,,0,6000,True,01/09/2019,Academic,Inactive
49,150004,,15000,45001,60001,210005,False,01/09/2016,Management,Inactive
11,,,,,0,,True,01/09/2016,Academic,Inactive
2,7200,0,0,0,0,7200,True,01/02/2020,Academic,Inactive
2,7200,0,0,0,0,7200,True,01/02/2020,Academic,Inactive
3,8400,0,0,0,0,8400,True,01/02/2020,Academic,Inactive
4,9600,0,0,0,0,9600,True,01/02/2020,Academic,Inactive
5,10800,0,0,0,0,10800,True,01/02/2020,Academic,Inactive
6,12000,0,0,0,0,12000,True,01/02/2020,Academic,Inactive
7,13200,0,0,0,0,13200,True,01/02/2020,Academic,Inactive
8,14400,0,0,0,0,14400,True,01/02/2020,Academic,Inactive
9,15600,0,0,0,0,15600,True,01/02/2020,Academic,Inactive
10,16800,0,0,0,0,16800,True,01/02/2020,Academic,Inactive
11,18000,0,0,0,0,18000,True,01/02/2020,Academic,Inactive
12,19200,0,0,0,0,19200,True,01/02/2020,Academic,Inactive
13,20400,0,0,0,0,20400,True,01/02/2020,Academic,Inactive
14,21600,0,0,0,0,21600,True,01/02/2020,Academic,Inactive
15,22800,0,0,0,0,22800,True,01/02/2020,Academic,Inactive
16,24000,0,0,0,0,24000,True,01/02/2020,Academic,Inactive
17,25200,0,0,0,0,25200,True,01/02/2020,Academic,Inactive
18,26400,0,0,0,0,26400,True,01/02/2020,Academic,Inactive
19,27600,0,0,0,0,27600,True,01/02/2020,Academic,Inactive
20,28800,0,0,0,0,28800,True,01/02/2020,Academic,Inactive
21,30000,0,0,0,0,30000,True,01/02/2020,Academic,Inactive
22,31200,0,0,0,0,31200,True,01/02/2020,Academic,Inactive
23,32400,0,0,0,0,32400,True,01/02/2020,Academic,Inactive
24,33600,0,0,0,0,33600,True,01/01/2020,Academic,Inactive
25,34800,0,0,0,0,34800,True,01/02/2020,Academic,Inactive
26,36000,0,0,0,0,36000,True,01/02/2020,Academic,Inactive
27,37200,0,0,0,0,37200,True,01/02/2020,Academic,Inactive
28,38400,0,0,0,0,38400,True,01/02/2020,Academic,Inactive
29,39600,0,0,0,0,39600,True,01/02/2020,Academic,Inactive
30,40800,0,0,0,0,40800,True,01/02/2020,Academic,Inactive
31,42000,0,0,0,0,42000,True,01/02/2020,Academic,Inactive
32,43200,0,0,0,0,43200,True,01/02/2020,Academic,Inactive
33,44400,0,0,0,0,44400,True,01/02/2020,Academic,Inactive
34,45600,0,0,0,0,45600,True,01/02/2020,Academic,Inactive
35,46800,0,0,0,0,46800,True,01/02/2020,Academic,Inactive
36,48000,0,0,0,0,48000,True,01/02/2020,Academic,Inactive
37,49200,0,0,0,0,49200,True,01/02/2020,Academic,Inactive
38,50400,0,0,0,0,50400,True,01/02/2020,Academic,Inactive
39,51600,0,0,0,0,51600,True,01/02/2020,Academic,Inactive
40,52800,0,0,0,0,52800,True,01/02/2020,Academic,Inactive
41,54000,0,0,0,0,54000,True,01/02/2020,Academic,Inactive
42,55200,0,0,0,0,55200,True,01/02/2020,Academic,Inactive
43,56400,0,0,0,0,56400,True,01/02/2020,Academic,Inactive
44,57600,0,0,0,0,57600,True,01/02/2020,Academic,Inactive
45,58800,0,0,0,0,58800,True,01/02/2020,Academic,Inactive
46,60000,0,0,0,0,60000,True,01/02/2020,Academic,Inactive
25.1,35644,0,0,0,0,35644,True,01/09/2020,Academic,Inactive
56,184486,,18449,55346,73795,258280,False,01/09/2021,Management,Inactive
57,190020,,19002,57006,76008,266028,False,01/09/2021,Management,Inactive
58,195721,,19572,58716,78288,274009,False,01/09/2021,Management,Inactive
59,201592,,20159,60478,80637,282229,False,01/09/2021,Accounts,Inactive
60,207640,,20764,62292,83056,290696,False,01/09/2021,Management,Inactive
61,213869,,21387,64161,85548,299417,False,01/09/2021,Management,Inactive
62,220285,,22029,66086,88115,308400,False,01/09/2021,Management,Inactive
63,226894,,22689,68068,90757,317652,False,01/09/2021,Management,Inactive
64,233701,,23370,70110,93480,327181,False,01/09/2021,Management,Inactive
65,240712,,24071,72214,96285,336997,False,01/09/2021,Management,Inactive
66,247933,,24793,74380,99173,347106,False,01/09/2021,Management,Inactive
67,255371,,25537,76611,102148,357520,False,01/09/2021,Management,Inactive
12.1,25200,0,0,0,0,25200,True,01/04/2022,Administration,Inactive
92,177353,70941,17735,,88676,266030,False,01/09/2022,Management,Inactive
73,101142,40457,10114,,50571,151713,False,01/09/2022,Management,Inactive
76,110521,44208,11052,,55260,165781,False,01/09/2022,Management,Inactive
1,56001,22400,5600,,28000,84002,False,01/11/2022,Management,Inactive
2,57681,22400,5768,,28168,86522,False,01/11/2022,Management,Inactive
3,59411,23765,5941,,29706,89117,False,01/11/2022,Management,Inactive
4,61194,24478,6119,,30597,91791,False,01/11/2022,Management,Inactive
5,63030,25212,6303,,31515,94544,False,01/11/2022,Management,Inactive
6,64921,25968,6492,,32460,97381,False,01/11/2022,Management,Inactive
7,66868,26747,6687,,33434,100302,False,01/11/2022,Management,Inactive
8,68874,27550,6887,,34437,103311,False,01/11/2022,Management,Inactive
9,70940,28376,7094,,35470,106411,False,01/11/2022,Management,Inactive
10,73069,29227,7307,,36534,109603,False,01/11/2022,Management,Inactive
11,75261,30104,7526,,37630,112891,False,01/11/2022,Management,Inactive
12,77518,31007,7752,,38759,116278,False,01/11/2022,Management,Inactive
13,79844,31938,7984,,39922,119766,False,01/11/2022,Management,Inactive
14,82239,32896,8224,,41120,123359,False,01/11/2022,Administration,Active
15,84707,33883,8471,,42354,127060,False,01/11/2022,Management,Inactive
16,87248,34899,8725,,43624,130872,False,01/11/2022,Management,Inactive
17,89865,35946,8987,,44933,134798,False,01/11/2022,Management,Inactive
18,92561,37024,9256,,46280,138842,False,01/11/2022,Management,Inactive
19,95338,38135,9534,,47669,143007,False,01/11/2022,Management,Inactive
20,98198,39279,9820,,49099,147297,False,01/11/2022,Management,Inactive
21,101144,40458,10114,,50572,151716,False,01/11/2022,Management,Inactive
22,104178,41671,10418,,52089,156268,False,01/11/2022,Management,Inactive
23,107304,42921,10730,,53651,160956,False,01/11/2022,Management,Inactive
24,110523,44209,11052,,55261,165784,False,01/11/2022,Management,Inactive
25,113839,45535,11384,,56919,170758,False,01/11/2022,Management,Inactive
26,117254,46901,11725,,58626,175880,False,01/11/2022,Management,Inactive
27,120771,48309,12077,,60386,181157,False,01/11/2022,Management,Inactive
28,124394,49758,12439,,62197,186592,False,01/11/2022,Management,Inactive
29,128126,51250,12813,,64063,192189,False,01/11/2022,Management,Inactive
30,131970,52788,13197,,65985,197955,False,01/11/2022,Management,Inactive
31,135929,54372,13593,,67965,203894,False,01/11/2022,Management,Inactive
32,140007,56003,14001,,70004,210010,False,01/11/2022,Management,Inactive
33,144207,57683,14421,,72104,216311,False,01/11/2022,Management,Inactive
34,148533,59413,14853,,74266,222800,False,01/11/2022,Management,Inactive
35,152989,61196,15299,,76495,229484,False,01/11/2022,Management,Inactive
36,157579,63032,15758,,78790,236369,False,01/11/2022,Management,Inactive
37,162306,64923,16231,,81154,243460,False,01/11/2022,Management,Inactive
38,167176,66870,16718,,83588,250764,False,01/11/2022,Management,Inactive
39,172191,68876,17219,,86095,258286,False,01/11/2022,Management,Inactive
40,177352,70941,17735,,88676,266028,False,01/11/2022,Management,Inactive
41,182673,73069,18267,,91336,274009,False,01/11/2022,Management,Inactive
42,188153,75261,18815,,94076,282229,False,01/11/2022,Management,Inactive
43,193797,77519,19380,,96899,290696,False,01/11/2022,Management,Inactive
44,199611,79845,19961,,99806,299417,False,01/11/2022,Management,Inactive
45,205600,82240,20560,,102800,308400,False,01/11/2022,Management,Inactive
46,211768,84707,21177,,105884,317652,False,01/11/2022,Management,Inactive
47,218121,87248,21812,,109060,327181,False,01/11/2022,Management,Inactive
48,224664,89866,22466,,112332,336997,False,01/11/2022,Management,Inactive
49,231404,92562,23140,,115702,347106,False,01/11/2022,Management,Inactive
50,238346,95339,23835,,119174,357520,False,01/11/2022,Management,Inactive
51,245497,98199,24550,,122749,368245,False,01/11/2022,Management,Inactive
52,252862,101145,25286,,126431,379293,False,01/11/2022,Management,Inactive
53,260448,104179,26045,,130224,390671,False,02/11/2022,Management,Inactive
54,268261,107304,26826,,134130,402392,False,01/11/2022,Management,Inactive
55,276309,110524,27631,,138155,414463,False,01/11/2022,Management,Inactive
56,284598,113839,28460,,142299,426897,False,01/11/2022,Management,Inactive
57,293136,117254,29314,,146568,439704,False,01/11/2022,Management,Inactive
58,301930,120772,30193,,150965,452895,False,01/11/2022,Management,Inactive
47,61200,,,,0,61200,True,01/08/2023,Academic,Inactive
48,62400,,,,0,62400,True,01/08/2023,Academic,Inactive
49,63600,,,,0,63600,True,01/08/2023,Academic,Inactive
50,64800,,,,0,64800,True,01/08/2023,Academic,Inactive
51,66000,,,,0,66000,True,01/08/2023,Academic,Inactive
52,67200,,,,0,67200,True,01/08/2023,Academic,Inactive
53,68400,,,,0,68400,True,01/08/2023,Academic,Inactive
54,69600,,,,0,69600,True,01/08/2023,Academic,Inactive
55,70800,,,,0,70800,True,01/08/2023,Academic,Inactive
56,72000,,,,0,72000,True,01/08/2023,Academic,Inactive
57,73200,,,,0,73200,True,01/08/2023,Academic,Inactive
147ADM,16874,6750,1687,0,8437,25311,False,01/09/2023,Administration,Active
148ADM,17380,6952,1738,0,8690,26070,False,01/09/2023,Administration,Active
149ADM,17902,7161,1790,0,8951,26852,False,01/09/2023,Administration,Active
150ADM,18439,7375,1844,0,9219,27658,False,01/09/2023,Administration,Active
151ADM,18992,7597,1899,0,9496,28488,False,01/09/2023,Administration,Active
152ADM,19562,7825,1956,0,9781,29342,False,01/09/2023,Administration,Active
153ADM,20148,8059,2015,0,10074,30223,False,01/09/2023,Administration,Active
154ADM,20753,8301,2075,0,10376,31129,False,01/09/2023,Administration,Active
155ADM,21375,8550,2138,0,10688,32063,False,01/09/2023,Administration,Active
156ADM,22017,8807,2202,0,11009,33025,False,01/09/2023,Administration,Active
157ADM,22677,9071,2268,0,11339,34016,False,01/09/2023,Administration,Active
158ADM,23358,9343,2336,0,11679,35036,False,01/09/2023,Administration,Active
159ADM,24058,9623,2406,0,12029,36087,False,01/09/2023,Administration,Active
160ADM,24780,9912,2478,0,12390,37170,False,01/09/2023,Administration,Active
161ADM,25523,10209,2552,0,12761,38285,False,01/09/2023,Administration,Active
162ADM,26289,10516,2629,0,13145,39434,False,01/09/2023,Administration,Active
163ADM,27078,10831,2708,0,13539,40617,False,01/09/2023,Administration,Active
164ADM,27890,11156,2789,0,13945,41835,False,01/09/2023,Administration,Active
165ADM,28727,11491,2873,0,14364,43090,False,01/09/2023,Administration,Active
166ADM,29589,11835,2959,0,14794,44383,False,01/09/2023,Administration,Active
167ADM,30476,12191,3048,0,15239,45714,False,01/09/2023,Administration,Active
168ADM,31391,12556,3139,0,15695,47086,False,01/09/2023,Administration,Active
169ADM,32332,12933,3233,0,16166,48498,False,01/09/2023,Administration,Active
170ADM,33302,13321,3330,0,16651,49953,False,01/09/2023,Administration,Active
171ADM,34301,13721,3430,0,17151,51452,False,01/09/2023,Administration,Active
172ADM,35330,14132,3533,0,17665,52996,False,01/09/2023,Administration,Active
173ADM,36390,14556,3639,0,18195,54585,False,01/09/2023,Administration,Active
174ADM,37482,14993,3748,0,18741,56223,False,01/09/2023,Administration,Active
175ADM,38606,15443,3861,0,19304,57910,False,01/09/2023,Administration,Active
176ADM,39765,15906,3976,0,19882,59647,False,01/09/2023,Administration,Active
177ADM,40958,16383,4096,0,20479,61436,False,01/09/2023,Administration,Active
178ADM,42186,16875,4219,0,21094,63280,False,01/09/2023,Administration,Active
179ADM,43452,17381,4345,0,21726,65178,False,01/09/2023,Administration,Active
180ADM,44756,17902,4476,0,22378,67133,False,01/09/2023,Administration,Active
181ADM,46098,18439,4610,0,23049,69147,False,01/09/2023,Administration,Active
182ADM,47481,18992,4748,0,23740,71222,False,01/09/2023,Administration,Active
183ADM,48906,19562,4891,0,24453,73358,False,01/09/2023,Administration,Active
184ADM,50373,20149,5037,0,25186,75559,False,01/09/2023,Administration,Active
185ADM,51884,20754,5188,0,25942,77826,False,01/09/2023,Administration,Active
186ADM,53440,21376,5344,0,26720,80161,False,01/09/2023,Administration,Active
187ADM,55044,22017,5504,0,27521,82565,False,01/09/2023,Administration,Active
188ADM,56695,22678,5669,0,28347,85042,False,01/09/2023,Administration,Active
189ADM,58396,23358,5840,0,29198,87594,False,01/09/2023,Administration,Active
190ADM,60148,24059,6015,0,30074,90221,False,01/09/2023,Administration,Active
191ADM,61952,24781,6195,0,30976,92928,False,01/09/2023,Administration,Active
192ADM,63811,25524,6381,0,31905,95716,False,01/09/2023,Administration,Active
193ADM,65725,26290,6572,0,32862,98587,False,01/09/2023,Administration,Active
194ADM,67697,27079,6770,0,33849,101545,False,01/09/2023,Administration,Active
195ADM,69728,27891,6973,0,34864,104591,False,01/09/2023,Administration,Active
196ADM,71819,28728,7182,0,35910,107729,False,01/09/2023,Administration,Active
197ADM,73974,29590,7397,0,36987,110961,False,01/09/2023,Administration,Active
198ADM,76193,30477,7619,0,38096,114290,False,01/09/2023,Administration,Active
199ADM,78479,31392,7848,0,39240,117719,False,01/09/2023,Administration,Active
200ADM,80833,32333,8083,0,40416,121250,False,01/09/2023,Administration,Active
201ADM,83258,33303,8326,0,41629,124888,False,01/09/2023,Administration,Active
202ADM,85756,34302,8576,0,42878,128634,False,01/09/2023,Administration,Active
203ADM,88329,35332,8833,0,44165,132493,False,01/09/2023,Administration,Active
204ADM,90979,36391,9098,0,45489,136468,False,01/09/2023,Administration,Active
205ADM,93708,37483,9371,0,46854,140562,False,01/09/2023,Administration,Active
206ADM,96519,38608,9652,0,48260,144779,False,01/09/2023,Administration,Active
207ADM,99415,39766,9941,0,49707,149122,False,01/09/2023,Administration,Active
247ACDH,21000,0,0,0,0,21000,True,01/09/2023,Academic,Active
248ACDH,22500,0,0,0,0,22500,True,01/09/2023,Academic,Active
249ACDH,24000,0,0,0,0,24000,True,01/09/2023,Academic,Active
319DOM,13567,5427,1357,,6784,20350,False,01/09/2023,Domestic,Inactive
250ACDH,25500,0,0,0,0,25500,True,01/09/2023,Academic,Active
251ACDH,27000,0,0,0,0,27000,True,01/09/2023,Academic,Active
252ACDH,28500,0,0,,0,28500,True,01/09/2023,Academic,Active
253ACDH,30000,0,0,0,0,30000,True,01/09/2023,Academic,Active
254ACDH,31500,0,0,0,0,31500,True,01/09/2023,Academic,Active
255ACDH,33000,0,0,0,0,33000,True,01/09/2023,Academic,Active
256ACDH,34500,0,0,0,0,34500,True,01/09/2023,Academic,Active
257ACDH,36000,0,0,0,0,36000,True,01/09/2023,Academic,Active
258ACDH,37500,0,0,0,0,37500,True,01/09/2023,Academic,Active
320DOM,13974,5590,1397,,6987,20961,False,01/09/2023,Domestic,Inactive
321DOM,14393,5757,1439,,7196,21590,False,01/09/2023,Domestic,Inactive
259ACDH,39000,0,0,0,0,39000,True,01/09/2023,Academic,Active
322DOM,14825,5930,1482,,7412,22237,False,01/09/2023,Domestic,Inactive
260ACDH,40500,0,0,0,0,40500,True,01/09/2023,Academic,Active
323DOM,15270,6108,1527,,7635,22904,False,01/09/2023,Domestic,Inactive
261ACDH,42000,0,0,0,0,42000,True,01/09/2023,Academic,Active
324DOM,15728,6291,1573,,7864,23591,False,01/09/2023,Domestic,Inactive
262ACDH,43500,0,0,0,0,43500,True,01/09/2023,Academic,Active
263ACDH,45000,0,0,0,0,45000,True,01/09/2023,Academic,Active
264ACDH,33024,0,0,0,0,33024,True,01/09/2023,Accounts,Active
325DOM,16199,6480,1620,,8100,24299,False,01/09/2023,Domestic,Inactive
265ACDH,48000,0,0,0,0,48000,True,01/09/2023,Academic,Active
326DOM,16685,6674,1669,,8343,25028,False,01/09/2023,Domestic,Inactive
266ACDH,49500,0,0,0,0,49500,True,01/09/2023,Academic,Active
327DOM,17186,6874,1719,,8593,25779,False,01/09/2023,Domestic,Inactive
267ACDH,51000,0,0,0,0,51000,True,01/09/2023,Academic,Active
328DOM,17702,7081,1770,,8851,26552,False,01/09/2023,Domestic,Inactive
329DOM,18233,7293,1823,,9116,27349,False,01/09/2023,Domestic,Inactive
330DOM,18780,7512,1878,,9390,28169,False,01/09/2023,Domestic,Inactive
331DOM,19343,7737,1934,,9671,29014,False,01/09/2023,Domestic,Inactive
268ACDH,52500,0,0,0,0,52500,True,01/09/2023,Academic,Active
269ACDH,54000,0,0,0,0,54000,True,01/09/2023,Academic,Active
332DOM,19923,7969,1992,,9961,29885,False,01/09/2023,Domestic,Inactive
333DOM,20521,8208,2052,,10260,30781,False,01/09/2023,Domestic,Inactive
270ACDH,55500,0,0,0,0,55500,True,01/09/2023,Academic,Active
334DOM,21137,8455,2114,,10569,31705,False,01/09/2023,Domestic,Inactive
271ACDH,57000,0,0,0,0,57000,True,01/09/2023,Academic,Active
335DOM,21771,8708,2177,,10885,32656,False,01/09/2023,Domestic,Inactive
272ACDH,58500,0,0,0,0,58500,True,01/09/2023,Academic,Active
336DOM,22424,8970,2242,,11212,33636,False,01/09/2023,Domestic,Inactive
273ACDH,60000,0,0,0,0,60000,True,01/09/2023,Academic,Active
337DOM,23097,9239,2310,,11549,34645,False,01/09/2023,Domestic,Inactive
274ACDH,61500,0,0,0,0,61500,True,01/09/2023,Academic,Active
338DOM,23789,9516,2379,,11895,35684,False,01/09/2023,Domestic,Inactive
339DOM,24503,9801,2450,,12251,36755,False,01/09/2023,Domestic,Inactive
275ACDH,63000,0,0,0,0,63000,True,01/09/2023,Academic,Active
340DOM,25238,10095,2524,,12619,37857,False,01/09/2023,Domestic,Inactive
276ACDH,64500,0,0,0,0,64500,True,01/09/2023,Academic,Active
277ACDH,66000,0,0,0,0,66000,True,01/09/2023,Academic,Active
278ACDH,67500,0,0,0,0,67500,True,01/09/2023,Academic,Active
341DOM,25995,10398,2600,,12998,38993,False,01/09/2023,Domestic,Inactive
342DOM,26775,10710,2678,,13388,40163,False,01/09/2023,Domestic,Inactive
343DOM,27578,11031,2758,,13789,41368,False,01/09/2023,Domestic,Inactive
344DOM,28406,11362,2841,,14203,42609,False,01/09/2023,Domestic,Inactive
279ACDH,69000,0,0,0,0,69000,True,01/09/2023,Academic,Active
345DOM,29258,11703,2926,,14629,43887,False,01/09/2023,Domestic,Inactive
346DOM,30136,12054,3014,,15068,45204,False,01/09/2023,Domestic,Inactive
347DOM,31040,12416,3104,,15520,46560,False,01/09/2023,Domestic,Inactive
348DOM,31971,12788,3197,,15985,47957,False,01/09/2023,Domestic,Inactive
280ACDH,70500,0,0,0,0,70500,True,01/09/2023,Academic,Active
349DOM,32930,13172,3293,,16465,49395,False,01/09/2023,Domestic,Inactive
281ACDH,72000,0,0,0,0,72000,True,01/09/2023,Academic,Active
282ACDH,73500,0,0,0,0,73500,True,01/09/2023,Academic,Active
350DOM,33918,13567,3392,,16959,50877,False,01/09/2023,Domestic,Inactive
283ACDH,75000,0,0,0,0,75000,True,01/09/2023,Academic,Active
351DOM,34936,13974,3494,,17468,52403,False,01/09/2023,Domestic,Inactive
284ACDH,76500,0,0,0,0,76500,True,01/09/2023,Academic,Active
285ACDH,78000,0,0,0,0,78000,True,01/09/2023,Academic,Active
286ACDH,79500,0,0,0,0,79500,True,01/09/2023,Academic,Active
287ACDH,81000,0,0,0,0,81000,True,01/09/2023,Academic,Active
288ACDH,82500,0,0,0,0,82500,True,01/09/2023,Academic,Active
289ACDH,84000,0,0,0,0,84000,True,01/09/2023,Academic,Active
290ACDH,85500,0,0,0,0,85500,True,01/09/2023,Academic,Active
291ACDH,87000,0,0,0,0,87000,True,01/09/2023,Academic,Active
292ACDH,88500,0,0,0,0,88500,True,01/09/2023,Academic,Active
293ACDH,90000,0,0,0,0,90000,True,01/09/2023,Academic,Active
208ADM,102397,40959,10240,0,51199,153596,False,01/09/2023,Administration,Active
209ADM,105469,42188,10547,0,52735,158204,False,01/09/2023,Administration,Active
210ADM,108633,43453,10863,0,54316,162950,False,01/09/2023,Administration,Active
294ACDH,91500,0,0,0,0,91500,True,01/09/2023,Academic,Active
211ADM,111892,44757,11189,0,55946,167839,False,01/09/2023,Administration,Active
212ADM,115249,46100,11525,0,57625,172874,False,01/09/2023,Administration,Active
213ADM,118707,47483,11871,0,59354,178060,False,01/09/2023,Administration,Active
214ADM,122268,48907,12227,0,61134,183402,False,01/09/2023,Administration,Active
215ADM,125936,50374,12594,0,62968,188904,False,01/09/2023,Administration,Active
216ADM,129714,51886,12971,0,64857,194571,False,01/09/2023,Administration,Active
217ADM,133605,53442,13361,0,66803,200408,False,01/09/2023,Administration,Active
218ADM,137613,55045,13761,0,68806,206420,False,01/09/2023,Administration,Active
295ACDH,93000,0,0,0,0,93000,True,01/09/2023,Academic,Active
219ADM,141742,56697,14174,0,70871,212613,False,01/09/2023,Administration,Active
296ACDH,94500,0,0,0,0,94500,True,01/09/2023,Academic,Active
297ACDH,96000,0,0,0,0,96000,True,01/09/2023,Academic,Active
220ADM,145994,58398,14599,0,72997,218991,False,01/09/2023,Administration,Active
221ADM,150374,60150,15037,0,75187,225561,False,01/09/2023,Administration,Active
222ADM,154885,61954,15489,0,77443,232328,False,01/09/2023,Administration,Active
298ACDH,97500,0,0,0,0,97500,True,01/09/2023,Academic,Active
223ADM,159532,63813,15953,0,79766,239298,False,01/09/2023,Administration,Active
224ADM,164318,65727,16432,0,82159,246477,False,01/09/2023,Administration,Active
299ACDH,99000,0,0,0,0,99000,True,01/09/2023,Academic,Active
300ACDH,100500,0,0,0,0,100500,True,01/09/2023,Academic,Active
225ADM,169247,67699,16925,0,84624,253871,False,01/09/2023,Administration,Active
301ACDH,102000,0,0,0,0,102000,True,01/09/2023,Academic,Active
302ACDH,103500,0,0,0,0,103500,True,01/09/2023,Academic,Active
303ACDH,105000,0,0,0,0,105000,True,01/09/2023,Academic,Active
226ADM,174325,69730,17432,0,87162,261487,False,01/09/2023,Administration,Active
304ACDH,106500,0,0,0,0,106500,True,01/09/2023,Academic,Active
227ADM,179554,71822,17955,0,89777,269332,False,01/09/2023,Administration,Active
228ADM,184941,73976,18494,0,92470,277412,False,01/09/2023,Administration,Active
229ADM,190489,76196,19049,0,95245,285734,False,01/09/2023,Administration,Active
230ADM,196204,78482,19620,0,98102,294306,False,01/09/2023,Administration,Active
231ADM,202090,80836,20209,0,101045,303135,False,01/09/2023,Administration,Active
232ADM,208153,83261,20815,0,104076,312229,False,01/09/2023,Administration,Active
305ACDH,108000,0,0,0,0,108000,True,01/09/2023,Academic,Active
306ACDH,109500,0,0,0,0,109500,True,01/09/2023,Academic,Active
307ACDH,111000,0,0,0,0,111000,True,01/09/2023,Academic,Active
308ACDH,112500,0,0,0,0,112500,True,01/09/2023,Academic,Active
309ACDH,114000,0,0,0,0,114000,True,01/09/2023,Academic,Active
310ACDH,115500,0,0,0,0,115500,True,01/09/2023,Academic,Active
233ADM,214397,85759,21440,0,107199,321596,False,01/09/2023,Administration,Active
0,0,0,0,0,0,0,False,01/09/2023,Administration,Inactive
311ACDH,117000,0,0,0,0,117000,True,01/09/2023,Academic,Active
312ACDH,118500,0,0,0,0,118500,True,01/09/2023,Academic,Active
313ACDH,120000,0,0,0,0,120000,True,01/09/2023,Academic,Active
314ACDH,121500,0,0,0,0,121500,True,01/09/2023,Academic,Active
315ACDH,123000,0,0,0,0,123000,True,01/09/2023,Academic,Active
316ACDH,124500,0,0,0,0,124500,True,01/09/2023,Academic,Active
317ACDH,126000,0,0,0,0,126000,True,01/09/2023,Academic,Active
318ACDH,127500,0,0,0,0,127500,True,01/09/2023,Academic,Active
319ACDH,129000,0,0,0,0,129000,True,01/09/2023,Academic,Active
320ACDH,130500,0,0,0,0,130500,True,01/09/2023,Academic,Active
366DOMH,15000,0,0,0,0,15000,True,01/09/2023,Domestic,Active
321ACDH,132000,0,0,0,0,132000,True,01/09/2023,Academic,Active
322ACDH,133500,0,0,0,0,133500,True,01/09/2023,Academic,Active
367DOMH,15300,0,0,0,0,15300,True,01/09/2023,Domestic,Active
323ACDH,135000,0,0,0,0,135000,True,01/09/2023,Academic,Active
368DOMH,15600,0,0,0,0,15600,True,01/09/2023,Domestic,Active
324ACDH,136500,0,0,0,0,136500,True,01/09/2023,Academic,Active
369DOMH,15900,0,0,0,0,15900,True,01/09/2023,Domestic,Active
325ACDH,138000,0,0,0,0,138000,True,01/09/2023,Academic,Active
370DOMH,16200,0,0,0,0,16200,True,01/09/2023,Domestic,Active
326ACDH,139500,0,0,0,0,139500,True,01/09/2023,Academic,Active
371DOMH,16500,0,0,0,0,16500,True,01/09/2023,Domestic,Active
327ACDH,141000,0,0,0,0,141000,True,01/09/2023,Academic,Active
372DOMH,16800,0,0,0,0,16800,True,01/09/2023,Domestic,Active
0,0,0,0,0,0,,True,01/09/2023,Academic,Inactive
373DOMH,17100,0,0,0,0,17100,True,01/09/2023,Domestic,Active
374DOMH,17400,0,0,0,0,17400,True,01/09/2023,Domestic,Active
375DOMH,17700,0,0,0,0,17700,True,01/09/2023,Domestic,Active
376DOMH,18000,0,0,0,0,18000,True,01/09/2023,Domestic,Active
377DOMH,18300,0,0,0,0,18300,True,01/09/2023,Domestic,Active
0,0,0,0,0,0,0,True,01/09/2023,Academic,Inactive
378DOMH,18600,0,0,0,0,18600,True,01/09/2023,Domestic,Active
379DOMH,18900,0,0,0,0,18900,True,01/09/2023,Domestic,Active
380DOMH,19200,0,0,0,0,19200,True,01/09/2023,Domestic,Active
381DOMH,19500,0,0,0,0,19500,True,01/09/2023,Domestic,Active
382DOMH,19800,0,0,0,0,19800,True,01/09/2023,Domestic,Active
383DOMH,20100,0,0,0,0,20100,True,01/09/2023,Domestic,Active
384DOMH,20400,0,0,0,0,20400,True,01/09/2023,Domestic,Active
385DOMH,20700,0,0,0,0,20700,True,01/09/2023,Domestic,Active
5ACD,10083,4033,1008,0,5041,15125,False,01/09/2023,Academic,Active
6ACD,10285,4114,1029,0,5143,15428,False,01/09/2023,Academic,Active
7ACD,10491,4196,1049,0,5245,15736,False,01/09/2023,Academic,Active
8ACD,10701,4280,1070,0,5350,16051,False,01/09/2023,Academic,Active
9ACD,10915,4366,1091,0,5457,16372,False,01/09/2023,Academic,Active
10ACD,11133,4453,1113,0,5566,16699,False,01/09/2023,Academic,Active
11ACD,11356,4542,1136,0,5678,17033,False,01/09/2023,Academic,Active
12ACD,11583,4633,1158,0,5791,17374,False,01/09/2023,Academic,Active
13ACD,11814,4726,1181,0,5907,17722,False,01/09/2023,Academic,Active
14ACD,12051,4820,1205,0,6025,18076,False,01/09/2023,Academic,Active
15ACD,12292,4917,1229,0,6146,18437,False,01/09/2023,Academic,Active
0,0,0,0,0,0,0,True,01/09/2023,Academic,Inactive
16ACD,12537,5015,1254,0,6269,18806,False,01/09/2023,Academic,Active
17ACD,12788,5115,1279,0,6394,19182,False,01/09/2023,Academic,Active
18ACD,13044,5218,1304,0,6522,19566,False,01/09/2023,Academic,Active
19ACD,13305,5322,1330,0,6652,19957,False,01/09/2023,Academic,Active
20ACD,13571,5428,1357,0,6785,20356,False,01/09/2023,Academic,Active
21ACD,13842,5537,1384,0,6921,20764,False,01/09/2023,Academic,Active
22ACD,14119,5648,1412,0,7060,21179,False,01/09/2023,Academic,Active
23ACD,14402,5761,1440,0,7201,21602,False,01/09/2023,Academic,Active
24ACD,14690,5876,1469,0,7345,22034,False,01/09/2023,Academic,Active
25ACD,14983,5993,1498,0,7491,22475,False,01/09/2023,Academic,Active
26ACD,15283,6113,1528,0,7641,22925,False,01/09/2023,Academic,Active
27ACD,15589,6236,1559,0,7795,23383,False,01/09/2023,Academic,Active
28ACD,15901,6360,1590,0,7950,23851,False,01/09/2023,Academic,Active
29ACD,16219,6487,1622,0,8109,24328,False,01/09/2023,Academic,Active
30ACD,16543,6617,1654,0,8271,24814,False,01/09/2023,Academic,Active
31ACD,16874,6750,1687,0,8437,25311,False,01/09/2023,Academic,Active
32ACD,17211,6885,1721,0,8606,25817,False,01/09/2023,Academic,Active
33ACD,17556,7022,1756,0,8778,26333,False,01/09/2023,Academic,Active
34ACD,17907,7163,1791,0,8954,26860,False,01/09/2023,Academic,Active
35ACD,18265,7306,1826,0,9132,27397,False,01/09/2023,Academic,Active
36ACD,18630,7452,1863,0,9315,27945,False,01/09/2023,Academic,Active
37ACD,19003,7601,1900,0,9501,28504,False,01/09/2023,Academic,Active
38ACD,19383,7753,1938,0,9691,29074,False,01/09/2023,Academic,Active
39ACD,19770,7908,1977,0,9885,29656,False,01/09/2023,Academic,Active
40ACD,20166,8066,2017,0,10083,30249,False,01/09/2023,Academic,Active
41ACD,20569,8228,2057,0,10285,30854,False,01/09/2023,Academic,Active
42ACD,20980,8392,2098,0,10490,31471,False,01/09/2023,Academic,Active
43ACD,21400,8560,2140,0,10700,32100,False,01/09/2023,Academic,Active
44ACD,21828,8731,2183,0,10914,32742,False,01/09/2023,Academic,Active
45ACD,22265,8906,2226,0,11132,33397,False,01/09/2023,Academic,Active
46ACD,22710,9084,2271,0,11355,34065,False,01/09/2023,Academic,Active
47ACD,23164,9266,2316,0,11582,34746,False,01/09/2023,Academic,Active
48ACD,23627,9451,2363,0,11814,35441,False,01/09/2023,Academic,Active
49ACD,24100,9640,2410,0,12050,36150,False,01/09/2023,Academic,Active
50ACD,24582,9833,2458,0,12291,36873,False,01/09/2023,Academic,Active
51ACD,25074,10029,2507,0,12536,37610,False,01/09/2023,Academic,Active
52ACD,25575,10230,2558,0,12788,38363,False,01/09/2023,Academic,Active
53ACD,26087,10435,2609,0,13044,39130,False,01/09/2023,Academic,Active
54ACD,26608,10643,2661,0,13304,39912,False,01/09/2023,Academic,Active
55ACD,27140,10856,2714,0,13570,40711,False,01/09/2023,Academic,Active
56ACD,27683,11073,2768,0,13841,41525,False,01/09/2023,Academic,Active
57ACD,28237,11295,2824,0,14119,42355,False,01/09/2023,Academic,Active
58ACD,28802,11521,2880,0,14401,43202,False,01/09/2023,Academic,Active
59ACD,29378,11751,2938,0,14689,44067,False,01/09/2023,Academic,Active
60ACD,29965,11986,2997,0,14983,44948,False,01/09/2023,Academic,Active
61ACD,30565,12226,3056,0,15282,45847,False,01/09/2023,Academic,Active
62ACD,31176,12470,3118,0,15588,46764,False,01/09/2023,Academic,Active
63ACD,31799,12720,3180,0,15900,47699,False,01/09/2023,Academic,Active
64ACD,32435,12974,3244,0,16218,48653,False,01/09/2023,Academic,Active
65ACD,33084,13234,3308,0,16542,49626,False,01/09/2023,Academic,Active
66ACD,33746,13498,3375,0,16873,50619,False,01/09/2023,Academic,Active
67ACD,34421,13768,3442,0,17210,51631,False,01/09/2023,Academic,Active
68ACD,35109,14044,3511,0,17555,52664,False,01/09/2023,Academic,Active
69ACD,35811,14324,3581,0,17905,53717,False,01/09/2023,Academic,Active
70ACD,36527,14611,3653,0,18264,54791,False,01/09/2023,Academic,Active
71ACD,37258,14903,3726,0,18629,55887,False,01/09/2023,Academic,Active
72ACD,38003,15201,3800,0,19001,57005,False,01/09/2023,Academic,Active
73ACD,38763,15505,3876,0,19381,58145,False,01/09/2023,Academic,Active
74ACD,39539,15815,3954,0,19769,59308,False,01/09/2023,Academic,Active
75ACD,40329,16132,4033,0,20165,60494,False,01/09/2023,Academic,Active
76ACD,41136,16454,4114,0,20568,61704,False,01/09/2023,Academic,Active
77ACD,41959,16783,4196,0,20979,62938,False,01/09/2023,Academic,Active
78ACD,42798,17119,4280,0,21399,64197,False,01/09/2023,Academic,Active
79ACD,43654,17461,4365,0,21826,65481,False,01/09/2023,Academic,Active
80ACD,44527,17811,4453,0,22264,66790,False,01/09/2023,Academic,Active
81ACD,45417,18167,4542,0,22709,68126,False,01/09/2023,Academic,Active
82ACD,46326,18530,4633,0,23163,69488,False,01/09/2023,Academic,Active
83ACD,47252,18901,4725,0,23626,70878,False,01/09/2023,Academic,Active
84ACD,48197,19279,4820,0,24099,72296,False,01/09/2023,Academic,Active
85ACD,49161,19664,4916,0,24580,73742,False,01/09/2023,Academic,Active
86ACD,50144,20058,5014,0,25072,75217,False,01/09/2023,Academic,Active
87ACD,51147,20459,5115,0,25574,76721,False,01/09/2023,Academic,Active
88ACD,52170,20868,5217,0,26085,78255,False,01/09/2023,Academic,Active
89ACD,53214,21285,5321,0,26606,79820,False,01/09/2023,Academic,Active
90ACD,54278,21711,5428,0,27139,81417,False,01/09/2023,Academic,Active
91ACD,55363,22145,5536,0,27681,83045,False,01/09/2023,Academic,Active
92ACD,56471,22588,5647,0,28235,84706,False,01/09/2023,Academic,Active
93ACD,57600,23040,5760,0,28800,86400,False,01/09/2023,Academic,Active
94ACD,58752,23501,5875,0,29376,88128,False,01/09/2023,Academic,Active
95ACD,59927,23971,5993,0,29964,89891,False,01/09/2023,Academic,Active
96ACD,61126,24450,6113,0,30563,91689,False,01/09/2023,Academic,Active
97ACD,62348,24939,6235,0,31174,93522,False,01/09/2023,Academic,Active
98ACD,63595,25438,6360,0,31798,95393,False,01/09/2023,Academic,Active
99ACD,64867,25947,6487,0,32434,97301,False,01/09/2023,Academic,Active
100ACD,66164,26466,6616,0,33082,99247,False,01/09/2023,Academic,Active
101ACD,67488,26995,6749,0,33744,101232,False,01/09/2023,Academic,Active
102ACD,68838,27535,6884,0,34419,103256,False,01/09/2023,Academic,Active
103ACD,70214,28086,7021,0,35107,105321,False,01/09/2023,Academic,Active
104ACD,71619,28647,7162,0,35809,107428,False,01/09/2023,Academic,Active
105ACD,73051,29220,7305,0,36525,109576,False,01/09/2023,Academic,Active
106ACD,74512,29805,7451,0,37256,111768,False,01/09/2023,Academic,Active
107ACD,76002,30401,7600,0,38001,114003,False,01/09/2023,Academic,Active
108ACD,77522,31009,7752,0,38761,116283,False,01/09/2023,Academic,Active
109ACD,79073,31629,7907,0,39536,118609,False,01/09/2023,Academic,Active
110ACD,80654,32262,8065,0,40327,120981,False,01/09/2023,Academic,Active
111ACD,82267,32907,8227,0,41134,123401,False,01/09/2023,Academic,Active
112ACD,83913,33565,8391,0,41956,125869,False,01/09/2023,Academic,Active
113ACD,85591,34236,8559,0,42795,128386,False,01/09/2023,Academic,Active
114ACD,87303,34921,8730,0,43651,130954,False,01/09/2023,Academic,Active
115ACD,89049,35619,8905,0,44524,133573,False,01/09/2023,Academic,Active
116ACD,90830,36332,9083,0,45415,136244,False,01/09/2023,Academic,Active
117ACD,92646,37058,9265,0,46323,138969,False,01/09/2023,Academic,Active
118ACD,94499,37800,9450,0,47250,141749,False,01/09/2023,Academic,Active
119ACD,96389,38556,9639,0,48195,144584,False,01/09/2023,Academic,Active
120ACD,98317,39327,9832,0,49159,147475,False,01/09/2023,Academic,Active
121ACD,100283,40113,10028,0,50141,150425,False,01/09/2023,Academic,Active
122ACD,102289,40916,10229,0,51145,153433,False,01/09/2023,Academic,Active
123ACD,104335,41734,10433,0,52167,156502,False,01/09/2023,Academic,Active
124ACD,106421,42569,10642,0,53211,159632,False,01/09/2023,Academic,Active
125ACD,108550,43420,10855,0,54275,162825,False,01/09/2023,Academic,Active
126ACD,110721,44288,11072,0,55360,166081,False,01/09/2023,Academic,Active
127ACD,112935,45174,11294,0,56468,169403,False,01/09/2023,Academic,Active
128ACD,115194,46078,11519,0,57597,172791,False,01/09/2023,Academic,Active
129ACD,117498,46999,11750,0,58749,176247,False,01/09/2023,Academic,Active
130ACD,119848,47939,11985,0,59924,179772,False,01/09/2023,Academic,Active
131ACD,122245,48898,12224,0,61122,183367,False,01/09/2023,Academic,Active
132ACD,124690,49876,12469,0,62345,187034,False,01/09/2023,Academic,Active
133ACD,127183,50873,12718,0,63591,190775,False,01/09/2023,Academic,Active
134ACD,129727,51891,12973,0,64864,194591,False,01/09/2023,Academic,Active
135ACD,132322,52929,13232,0,66161,198482,False,01/09/2023,Academic,Active
136ACD,134968,53987,13497,0,67484,202452,False,01/09/2023,Academic,Active
137ACD,137667,55067,13767,0,68834,206501,False,01/09/2023,Academic,Active
138ACD,140421,56168,14042,0,70210,210631,False,01/09/2023,Academic,Active
139ACD,143229,57292,14323,0,71615,214844,False,01/09/2023,Academic,Active
140ACD,146094,58437,14609,0,73046,219141,False,01/09/2023,Academic,Active
141ACD,149016,59606,14902,0,74508,223523,False,01/09/2023,Academic,Active
142ACD,151996,60798,15200,0,75998,227994,False,01/09/2023,Academic,Active
143ACD,155036,62014,15504,0,77518,232554,False,01/09/2023,Academic,Active
144ACD,158137,63255,15814,0,79069,237205,False,01/09/2023,Academic,Active
145ACD,161299,64520,16130,0,80650,241949,False,01/09/2023,Academic,Active
146ACD,164525,65810,16453,0,82263,246788,False,01/09/2023,Academic,Active
388ADMH,21000,0,0,0,0,21000,True,01/09/2023,Administration,Active
389ADMH,21600,0,0,0,0,21600,True,01/09/2023,Administration,Active
390ADMH,22200,0,0,0,0,22200,True,01/09/2023,Administration,Active
391ADMH,22800,0,0,0,0,22800,True,01/09/2023,Administration,Active
392ADMH,23400,0,0,0,0,23400,True,01/09/2023,Administration,Active
393ADMH,24000,0,0,0,0,24000,True,01/09/2023,Administration,Active
394ADMH,24600,0,0,0,0,24600,True,01/09/2023,Administration,Active
395ADMH,25200,0,0,0,0,25200,True,01/09/2023,Administration,Active
396ADMH,25800,0,0,0,0,25800,True,01/09/2023,Administration,Active
397ADMH,26400,0,0,0,0,26400,True,01/09/2023,Administration,Active
398ADMH,27000,0,0,0,0,27000,True,01/09/2023,Administration,Active
399ADMH,27600,0,0,0,0,27600,True,01/09/2023,Administration,Active
400ADMH,28200,0,0,0,0,28200,True,01/09/2023,Administration,Active
401ADMH,28800,0,0,0,0,28800,True,01/09/2023,Administration,Active
402ADMH,29400,0,0,0,0,29400,True,01/09/2023,Administration,Active
403ADMH,30000,0,0,0,0,30000,True,01/09/2023,Administration,Active
404ADMH,30600,0,0,0,0,30600,True,01/09/2023,Administration,Active
405ADMH,31200,0,0,0,0,31200,True,01/09/2023,Administration,Active
406ADMH,31800,0,0,0,0,31800,True,01/09/2023,Administration,Active
407ADMH,32400,0,0,0,0,32400,True,01/09/2023,Administration,Active
408ADMH,33000,0,0,0,0,33000,True,01/09/2023,Administration,Active
409ADMH,33600,0,0,0,0,33600,True,01/09/2023,Administration,Active
410ADMH,34200,0,0,0,0,34200,True,01/09/2023,Administration,Active
411ADMH,34800,0,0,0,0,34800,True,01/09/2023,Administration,Active
412ADMH,35400,0,0,0,0,35400,True,01/09/2023,Administration,Active
413ADMH,36000,0,0,0,0,36000,True,01/09/2023,Administration,Active
414ADMH,36600,0,0,0,0,36600,True,01/09/2023,Administration,Active
415ADMH,37200,0,0,0,0,37200,True,01/09/2023,Administration,Active
416ADMH,37800,0,0,0,0,37800,True,01/09/2023,Administration,Active
417ADMH,38400,0,0,0,0,38400,True,01/09/2023,Administration,Active
418ADMH,39000,0,0,0,0,39000,True,01/09/2023,Administration,Active
419ADMH,39600,0,0,0,0,39600,True,01/09/2023,Administration,Active
420ADMH,40200,0,0,0,0,40200,True,01/09/2023,Administration,Active
421ADMH,40800,0,0,0,0,40800,True,01/09/2023,Administration,Active
422ADMH,41400,0,0,0,0,41400,True,01/09/2023,Administration,Active
423ADMH,42000,0,0,0,0,42000,True,01/09/2023,Administration,Active
424ADMH,42600,0,0,0,0,42600,True,01/09/2023,Accounts,Active
425ADMH,43200,0,0,0,0,43200,True,01/09/2023,Administration,Active
426ADMH,43800,0,0,0,0,43800,True,01/09/2023,Administration,Active
427ADMH,44400,0,0,0,0,44400,True,01/09/2023,Accounts,Active
428ADMH,45000,0,0,0,0,45000,True,01/09/2023,Administration,Active
429ADMH,45600,0,0,0,0,45600,True,01/09/2023,Administration,Active
430ADMH,46200,0,0,0,0,46200,True,01/09/2023,Administration,Active
431ADMH,46800,0,0,0,0,46800,True,01/09/2023,Administration,Active
432ADMH,47400,0,0,0,0,47400,True,01/09/2023,Administration,Active
433ADMH,48000,0,0,0,0,48000,True,01/09/2023,Administration,Active
434ADMH,48600,0,0,0,0,48600,True,01/09/2023,Administration,Active
435ADMH,49200,0,0,0,0,49200,True,01/09/2023,Administration,Active
436ADMH,49800,0,0,0,0,49800,True,01/09/2023,Administration,Active
437ADMH,50400,0,0,0,0,50400,True,01/09/2023,Administration,Active
438ADMH,51000,0,0,0,0,51000,True,01/09/2023,Administration,Active
439ADMH,51600,0,0,0,0,51600,True,01/09/2023,Administration,Active
440ADMH,52200,0,0,0,0,52200,True,01/09/2023,Administration,Active
441ADMH,52800,0,0,0,0,52800,True,01/09/2023,Administration,Active
442ADMH,53400,0,0,0,0,53400,True,01/09/2023,Administration,Active
443ADMH,54000,0,0,0,0,54000,True,01/09/2023,Administration,Active
444ADMH,54600,0,0,0,0,54600,True,01/09/2023,Administration,Active
445ADMH,55200,0,0,0,0,55200,True,01/09/2023,Administration,Active
446ADMH,55800,0,0,0,0,55800,True,01/09/2023,Administration,Active
447ADMH,56400,0,0,0,0,56400,True,01/09/2023,Administration,Active
448ADMH,57000,0,0,0,0,57000,True,01/09/2023,Administration,Active
449ADMH,57600,0,0,0,0,57600,True,01/09/2023,Administration,Active
1112MNG,56001,22400,5600,0,28000,84002,False,01/09/2023,Management,Active
1113MNG,57681,23072,5768,0,28840,86522,False,01/09/2023,Management,Active
1114MNG,59411,23765,5941,0,29706,89117,False,01/09/2023,Management,Active
1115MNG,61194,24478,6119,0,30597,91791,False,01/09/2023,Management,Active
1116MNG,63030,25212,6303,0,31515,94544,False,01/09/2023,Management,Active
1117MNG,64921,25968,6492,0,32460,97381,False,01/09/2023,Management,Active
1118MNG,66868,26747,6687,0,33434,100302,False,01/09/2023,Management,Active
1119MNG,68874,27550,6887,0,34437,103311,False,01/09/2023,Management,Active
1120MNG,70940,28376,7094,0,35470,106411,False,01/09/2023,Management,Active
1121MNG,73069,29227,7307,0,36534,109603,False,01/09/2023,Management,Active
1122MNG,75261,30104,7526,0,37630,112891,False,01/09/2023,Management,Active
264ACDH,46500,0,0,0,0,46500,True,01/09/2023,Academic,Active
330DOM,12788,5115,1279,0,6394,19182,False,01/09/2023,Domestic,Active
331DOM,13172,5269,1317,0,6586,19757,False,01/09/2023,Domestic,Active
332DOM,13567,5427,1357,0,6784,20350,False,01/09/2023,Domestic,Active
333DOM,13974,5590,1397,0,6987,20961,False,01/09/2023,Domestic,Active
334DOM,14393,5757,1439,0,7196,21590,False,01/09/2023,Domestic,Active
335DOM,14825,5930,1482,0,7412,22237,False,01/09/2023,Domestic,Active
336DOM,15270,6108,1527,0,7635,22904,False,01/09/2023,Domestic,Active
337DOM,15728,6291,1573,0,7864,23591,False,01/09/2023,Domestic,Active
338DOM,16199,6480,1620,0,8100,24299,False,01/09/2023,Domestic,Active
339DOM,16685,6674,1669,0,8343,25028,False,01/09/2023,Domestic,Active
340DOM,17186,6874,1719,0,8593,25779,False,01/09/2023,Domestic,Active
341DOM,17702,7081,1770,0,8851,26552,False,01/09/2023,Domestic,Active
342DOM,18233,7293,1823,0,9116,27349,False,01/09/2023,Domestic,Active
343DOM,18780,7512,1878,0,9390,28169,False,01/09/2023,Domestic,Active
344DOM,19343,7737,1934,0,9671,29014,False,01/09/2023,Domestic,Active
345DOM,19923,7969,1992,0,9961,29885,False,01/09/2023,Domestic,Active
346DOM,20521,8208,2052,0,10260,30781,False,01/09/2023,Domestic,Active
347DOM,21137,8455,2114,0,10569,31705,False,01/09/2023,Domestic,Active
348DOM,21771,8708,2177,0,10885,32656,False,01/09/2023,Domestic,Active
349DOM,22424,8970,2242,0,11212,33636,False,01/09/2023,Domestic,Active
350DOM,23097,9239,2310,0,11549,34645,False,01/09/2023,Domestic,Active
351DOM,23789,9516,2379,0,11895,35684,False,01/09/2023,Domestic,Active
352DOM,24503,9801,2450,0,12251,36755,False,01/09/2023,Domestic,Active
353DOM,25238,10095,2524,0,12619,37857,False,01/09/2023,Domestic,Active
354DOM,25995,10398,2600,0,12998,38993,False,01/09/2023,Domestic,Active
355DOM,26775,10710,2678,0,13388,40163,False,01/09/2023,Domestic,Active
356DOM,27578,11031,2758,0,13789,41368,False,01/09/2023,Domestic,Active
357DOM,28406,11362,2841,0,14203,42609,False,01/09/2023,Domestic,Active
358DOM,29258,11703,2926,0,14629,43887,False,01/09/2023,Domestic,Active
359DOM,30136,12054,3014,0,15068,45204,False,01/09/2023,Domestic,Active
360DOM,31040,12416,3104,0,15520,46560,False,01/09/2023,Domestic,Active
361DOM,31971,12788,3197,0,15985,47957,False,01/09/2023,Domestic,Active
362DOM,32930,13172,3293,0,16465,49395,False,01/09/2023,Domestic,Active
363DOM,33918,13567,3392,0,16959,50877,False,01/09/2023,Domestic,Active
364DOM,34936,13974,3494,0,17468,52403,False,01/09/2023,Domestic,Active
1123MNG,77518,31007,7752,0,38759,116278,False,01/11/2023,Management,Active
1124MNG,79844,31938,7984,0,39922,119766,False,01/09/2023,Management,Active
1125MNG,82239,32896,8224,0,41120,123359,False,01/09/2023,Management,Active
1126MNG,84707,33883,8471,0,42354,127060,False,01/09/2023,Management,Active
1127MNG,87248,34899,8725,0,43624,130872,False,01/09/2023,Management,Active
1128MNG,89865,35946,8987,0,44933,134798,False,01/09/2023,Management,Active
1129MNG,92561,37024,9256,0,46280,138842,False,01/09/2023,Management,Active
1130MNG,95338,38135,9534,0,47669,143007,False,01/09/2023,Management,Active
1130MNG,95338,38135,9534,0,47669,143007,False,01/09/2023,Management,Inactive
1131MNG,98198,39279,9820,0,49099,147297,False,01/09/2023,Management,Active
1132MNG,101144,40458,10114,0,50572,151716,False,01/09/2023,Management,Active
1133MNG,104178,41671,10418,0,52089,156268,False,01/09/2023,Management,Active
1134MNG,107304,42921,10730,0,53651,160956,False,01/09/2023,Management,Active
1135MNG,110523,44209,11052,0,55261,165784,False,01/09/2023,Management,Active
1136MNG,113839,45535,11384,0,56919,170758,False,01/09/2023,Management,Active
1137MNG,117254,46901,11725,0,58626,175880,False,01/09/2023,Management,Active
1138MNG,120771,48309,12077,0,60386,181157,False,01/09/2023,Management,Active
1139MNG,124394,49758,12439,0,62197,186592,False,01/09/2023,Management,Active
1140MNG,128126,51250,12813,0,64063,192189,False,01/09/2023,Management,Active
1141MNG,131970,52788,13197,0,65985,197955,False,01/09/2023,Management,Active
1142MNG,135929,54372,13593,0,67965,203894,False,01/09/2023,Management,Active
1143MNG,140007,56003,14001,0,70004,210010,False,01/09/2023,Management,Active
1144MNG,144207,57683,14421,0,72104,216311,False,01/09/2023,Management,Active
1145MNG,148533,59413,14853,0,74266,222800,False,01/09/2023,Management,Active
1146MNG,152989,61196,15299,0,76495,229484,False,01/09/2023,Management,Active
1147MNG,157579,63032,15758,0,78790,236369,False,01/09/2023,Management,Active
1148MNG,162306,64923,16231,0,81154,243460,False,01/09/2023,Management,Active
1149MNG,167176,66870,16718,0,83588,250764,False,01/09/2023,Management,Active
1150MNG,172191,68876,17219,0,86095,258286,False,01/09/2023,Management,Active
1151MNG,177352,70941,17735,0,88676,266028,False,01/09/2023,Management,Active
1152MNG,182673,73069,18267,0,91336,274009,False,01/09/2023,Management,Active
1153MNG,188153,75261,18815,0,94076,282229,False,01/09/2023,Management,Active
1154MNG,193797,77519,19380,0,96899,290696,False,01/09/2023,Management,Active
1155MNG,199611,79845,19961,0,99806,299417,False,01/09/2023,Management,Active
1156MNG,205600,82240,20560,0,102800,308400,False,01/09/2023,Management,Active
1157MNG,211768,84707,21177,0,105884,317652,False,01/09/2023,Management,Active
1158MNG,218121,87248,21812,0,109060,327181,False,01/09/2023,Management,Active
1159MNG,224664,89866,22466,0,112332,336997,False,01/09/2023,Management,Active
1160MNG,231404,92562,23140,0,115702,347106,False,01/09/2023,Management,Active
1161MNG,238346,95339,23835,0,119174,357520,False,01/09/2023,Management,Active
1162MNG,245497,98199,24550,0,122749,,False,01/09/2023,Management,Active
1163MNG,252862,101145,25286,0,126431,379293,False,01/09/2023,Management,Active
1164MNG,260448,104179,26045,0,130224,390671,False,01/09/2023,Management,Active
1165MNG,268261,107304,26826,0,134130,402392,False,01/09/2023,Management,Active
1166MNG,276309,110524,27631,0,138155,414463,False,01/09/2023,Management,Active
1167MNG,284598,113839,28460,0,142299,426897,False,01/09/2023,Management,Active
1168MNG,293136,117254,29314,0,146568,439704,False,01/09/2023,Management,Active
1169MNG,301930,120772,30193,0,150965,452895,False,01/09/2023,Management,Active
1170MNG,310988,124395,31099,0,155494,466482,False,01/09/2023,Management,Active
1171MNG,320318,128127,32032,0,160159,480477,False,01/09/2023,Management,Active
1172MNG,329927,131971,32993,0,164964,494891,False,01/09/2023,Management,Active
1173MNG,339825,135930,33983,0,169913,509738,False,01/09/2023,Management,Active
1174MNG,350020,140008,35002,0,175010,525030,False,01/09/2023,Management,Active
1175MNG,360520,144208,36052,0,180260,540781,False,01/09/2023,Management,Active
1176MNG,371336,148534,37134,0,185668,557004,False,01/09/2023,Management,Active
1177MNG,382476,152990,38248,0,191238,573714,False,01/09/2023,Management,Active
1178MNG,393950,157580,39395,0,196975,590926,False,01/09/2023,Management,Active
1179MNG,405769,162308,40577,0,202885,608653,False,01/09/2023,Management,Active
1180MNG,417942,167177,41794,0,208971,626913,False,01/09/2023,Management,Active
1181MNG,430480,172192,43048,0,215240,645720,False,01/09/2023,Management,Active
1182MNG,443395,177358,44339,0,221697,665092,False,01/09/2023,Management,Active
1183MNG,456696,182679,45670,0,228349,685045,False,01/09/2023,Management,Active
1184MNG,470397,188159,47040,0,235199,705596,False,01/09/2023,Management,Active
1185MNG,484509,193804,48451,0,242255,726764,False,01/09/2023,Management,Active
1186MNG,499045,199618,49904,0,249522,748567,False,01/09/2023,Management,Active
1187MNG,514016,205606,51402,0,257008,771024,False,01/09/2023,Management,Active
1188MNG,529436,211775,52944,0,264719,794155,False,01/09/2023,Management,Active
1189MNG,545319,218128,54532,0,272660,817979,False,01/09/2023,Management,Active
1190MNG,561679,224672,56168,0,280840,842519,False,01/09/2023,Management,Active
1191MNG,578529,231412,57853,0,289265,867794,False,01/09/2023,Management,Active
1192MNG,595885,238354,59589,0,297943,893828,False,01/09/2023,Management,Active
1193MNG,613762,245505,61376,0,306881,920643,False,01/09/2023,Management,Active
1194MNG,632175,252870,63217,0,316087,948262,False,01/09/2023,Management,Active
1195MNG,651140,260456,65114,0,325570,976710,False,01/09/2023,Management,Active
1196MNG,670674,268270,67067,0,335337,1006011,False,01/09/2023,Management,Active
1197MNG,690794,276318,69079,0,345397,1036192,False,01/09/2023,Management,Active
1198MNG,711518,284607,71152,0,355759,1067277,False,01/09/2023,Management,Active
1199MNG,732864,293146,73286,0,366432,1099296,False,01/09/2023,Management,Active
333ACDH,150000,0,0,0,0,150000,True,01/09/2023,Academic,Active
224A- ADM,166660,66664,16666,,83330,249990,False,29/07/2024,Administration,Active
