ScaleNo,InitialBasic,HouseRent,Medical,GrossPay
1301VF,20000,0,0,20000
1302VF,20500,0,0,20500
1303VF,21000,0,0,21000
1304VF,21500,0,0,21500
1305VF,22000,0,0,22000
1306VF,22500,0,0,22500
1307VF,23000,0,0,23000
1308VF,23500,0,0,23500
1309VF,24000,0,0,24000
1310VF,24500,0,0,24500
1311VF,25000,0,0,25000
1312VF,25500,0,0,25500
1313VF,26000,0,0,26000
1314VF,26500,0,0,26500
1315VF,27000,0,0,27000
1316VF,27500,0,0,27500
1317VF,28000,0,0,28000
1318VF,28500,0,0,28500
1319VF,29000,0,0,29000
1320VF,29500,0,0,29500
1321VF,30000,0,0,30000
1322VF,30500,0,0,30500
1323VF,31000,0,0,31000
1324VF,31500,0,0,31500
1325VF,32000,0,0,32000
1326VF,32500,0,0,32500
1327VF,33000,0,0,33000
1328VF,33500,0,0,33500
1329VF,34000,0,0,34000
1330VF,34500,0,0,34500
1331VF,35000,0,0,35000
1332VF,35500,0,0,35500
1333VF,36000,0,0,36000
1334VF,36500,0,0,36500
1335VF,37000,0,0,37000
1336VF,37500,0,0,37500
1337VF,38000,0,0,38000
1338VF,38500,0,0,38500
1339VF,39000,0,0,39000
1340VF,39500,0,0,39500
1341VF,40000,0,0,40000
1342VF,40500,0,0,40500
1343VF,41000,0,0,41000
1344VF,41500,0,0,41500
1345VF,42000,0,0,42000
1346VF,42500,0,0,42500
1347VF,43000,0,0,43000
1348VF,43500,0,0,43500
1349VF,44000,0,0,44000
1350VF,44500,0,0,44500
1351VF,45000,0,0,45000
1352VF,45500,0,0,45500
1353VF,46000,0,0,46000
1354VF,46500,0,0,46500
1355VF,47000,0,0,47000
1356VF,47500,0,0,47500
1357VF,48000,0,0,48000
1358VF,48500,0,0,48500
1359VF,49000,0,0,49000
1360VF,49500,0,0,49500
1361VF,50000,0,0,50000
1362VF,50500,0,0,50500
1363VF,51000,0,0,51000
1364VF,51500,0,0,51500
1365VF,52000,0,0,52000
1366VF,52500,0,0,52500
1367VF,53000,0,0,53000
1368VF,53500,0,0,53500
1369VF,54000,0,0,54000
1370VF,54500,0,0,54500
1371VF,55000,0,0,55000
1372VF,55500,0,0,55500
1373VF,56000,0,0,56000
1374VF,56500,0,0,56500
1375VF,57000,0,0,57000
1376VF,57500,0,0,57500
1377VF,58000,0,0,58000
1378VF,58500,0,0,58500
1379VF,59000,0,0,59000
1380VF,59500,0,0,59500
1381VF,60000,0,0,60000
1382VF,60500,0,0,60500
1383VF,61000,0,0,61000
1384VF,61500,0,0,61500
1385VF,62000,0,0,62000
1386VF,62500,0,0,62500
1387VF,63000,0,0,63000
1388VF,63500,0,0,63500
1389VF,64000,0,0,64000
1390VF,64500,0,0,64500
1391VF,65000,0,0,65000
1392VF,65500,0,0,65500
1393VF,66000,0,0,66000
1394VF,66500,0,0,66500
1395VF,67000,0,0,67000
1396VF,67500,0,0,67500
1397VF,68000,0,0,68000
1398VF,68500,0,0,68500
1399VF,69000,0,0,69000
1400VF,69500,0,0,69500
1401VF,70000,0,0,70000
1402VF,70500,0,0,70500
1403VF,71000,0,0,71000
1404VF,71500,0,0,71500
1405VF,72000,0,0,72000
1406VF,72500,0,0,72500
1407VF,73000,0,0,73000
1408VF,73500,0,0,73500
1409VF,74000,0,0,74000
1410VF,74500,0,0,74500
1411VF,75000,0,0,75000
1412VF,75500,0,0,75500
1413VF,76000,0,0,76000
1414VF,76500,0,0,76500
1415VF,77000,0,0,77000
1416VF,77500,0,0,77500
1417VF,78000,0,0,78000
1418VF,78500,0,0,78500
1419VF,79000,0,0,79000
1420VF,79500,0,0,79500
1421VF,80000,0,0,80000
1422VF,80500,0,0,80500
1423VF,81000,0,0,81000
1424VF,81500,0,0,81500
1425VF,82000,0,0,82000
1426VF,82500,0,0,82500
1427VF,83000,0,0,83000
1428VF,83500,0,0,83500
1429VF,84000,0,0,84000
1430VF,84500,0,0,84500
1431VF,85000,0,0,85000
1432VF,85500,0,0,85500
1433VF,86000,0,0,86000
1434VF,86500,0,0,86500
1435VF,87000,0,0,87000
1436VF,87500,0,0,87500
1437VF,88000,0,0,88000
1438VF,88500,0,0,88500
1439VF,89000,0,0,89000
1440VF,89500,0,0,89500
1441VF,90000,0,0,90000
1442VF,90500,0,0,90500
1443VF,91000,0,0,91000
1444VF,91500,0,0,91500
1445VF,92000,0,0,92000
1446VF,92500,0,0,92500
1447VF,93000,0,0,93000
1448VF,93500,0,0,93500
1449VF,94000,0,0,94000
1450VF,94500,0,0,94500
1451VF,95000,0,0,95000
1452VF,95500,0,0,95500
1453VF,96000,0,0,96000
1454VF,96500,0,0,96500
1455VF,97000,0,0,97000
1456VF,97500,0,0,97500
1457VF,98000,0,0,98000
1458VF,98500,0,0,98500
1459VF,99000,0,0,99000
1460VF,99500,0,0,99500
1461VF,100000,0,0,100000
1462VF,100500,0,0,100500
1463VF,101000,0,0,101000
1464VF,101500,0,0,101500
1465VF,102000,0,0,102000
1466VF,102500,0,0,102500
1467VF,103000,0,0,103000
1468VF,103500,0,0,103500
1469VF,104000,0,0,104000
1470VF,104500,0,0,104500
1471VF,105000,0,0,105000
1472VF,105500,0,0,105500
1473VF,106000,0,0,106000
1474VF,106500,0,0,106500
1475VF,107000,0,0,107000
1476VF,107500,0,0,107500
1477VF,108000,0,0,108000
1478VF,108500,0,0,108500
1479VF,109000,0,0,109000
1480VF,109500,0,0,109500
1481VF,110000,0,0,110000
1482VF,110500,0,0,110500
1483VF,111000,0,0,111000
1484VF,111500,0,0,111500
1485VF,112000,0,0,112000
1486VF,112500,0,0,112500
1487VF,113000,0,0,113000
1488VF,113500,0,0,113500
1489VF,114000,0,0,114000
1490VF,114500,0,0,114500
1491VF,115000,0,0,115000
1492VF,115500,0,0,115500
1493VF,116000,0,0,116000
1494VF,116500,0,0,116500
1495VF,117000,0,0,117000
1496VF,117500,0,0,117500
1497VF,118000,0,0,118000
1498VF,118500,0,0,118500
1499VF,119000,0,0,119000
1500VF,119500,0,0,119500
1501VF,120000,0,0,120000
1502VF,120500,0,0,120500
1503VF,121000,0,0,121000
1504VF,121500,0,0,121500
1505VF,122000,0,0,122000
1506VF,122500,0,0,122500
1507VF,123000,0,0,123000
1508VF,123500,0,0,123500
1509VF,124000,0,0,124000
1510VF,124500,0,0,124500
1511VF,125000,0,0,125000
1512VF,125500,0,0,125500
1513VF,126000,0,0,126000
1514VF,126500,0,0,126500
1515VF,127000,0,0,127000
1516VF,127500,0,0,127500
1517VF,128000,0,0,128000
1518VF,128500,0,0,128500
1519VF,129000,0,0,129000
1520VF,129500,0,0,129500
1521VF,130000,0,0,130000
1522VF,130500,0,0,130500
1523VF,131000,0,0,131000
1524VF,131500,0,0,131500
1525VF,132000,0,0,132000
1526VF,132500,0,0,132500
1527VF,133000,0,0,133000
1528VF,133500,0,0,133500
1529VF,134000,0,0,134000
1530VF,134500,0,0,134500
1531VF,135000,0,0,135000
1532VF,135500,0,0,135500
1533VF,136000,0,0,136000
1534VF,136500,0,0,136500
1535VF,137000,0,0,137000
1536VF,137500,0,0,137500
1537VF,138000,0,0,138000
1538VF,138500,0,0,138500
1539VF,139000,0,0,139000
1540VF,139500,0,0,139500
1541VF,140000,0,0,140000
1542VF,140500,0,0,140500
1543VF,141000,0,0,141000
1544VF,141500,0,0,141500
1545VF,142000,0,0,142000
1546VF,142500,0,0,142500
1547VF,143000,0,0,143000
1548VF,143500,0,0,143500
1549VF,144000,0,0,144000
1550VF,144500,0,0,144500
1551VF,145000,0,0,145000
1552VF,145500,0,0,145500
1553VF,146000,0,0,146000
1554VF,146500,0,0,146500
1555VF,147000,0,0,147000
1556VF,147500,0,0,147500
1557VF,148000,0,0,148000
1558VF,148500,0,0,148500
1559VF,149000,0,0,149000
1560VF,149500,0,0,149500
1561VF,150000,0,0,150000
1562VF,150500,0,0,150500
1563VF,151000,0,0,151000
1564VF,151500,0,0,151500
1565VF,152000,0,0,152000
1566VF,152500,0,0,152500
1567VF,153000,0,0,153000
1568VF,153500,0,0,153500
1569VF,154000,0,0,154000
1570VF,154500,0,0,154500
1571VF,155000,0,0,155000
1572VF,155500,0,0,155500
1573VF,156000,0,0,156000
1574VF,156500,0,0,156500
1575VF,157000,0,0,157000
1576VF,157500,0,0,157500
1577VF,158000,0,0,158000
1578VF,158500,0,0,158500
1579VF,159000,0,0,159000
1580VF,159500,0,0,159500
1581VF,160000,0,0,160000
1582VF,160500,0,0,160500
1583VF,161000,0,0,161000
1584VF,161500,0,0,161500
1585VF,162000,0,0,162000
1586VF,162500,0,0,162500
1587VF,163000,0,0,163000
1588VF,163500,0,0,163500
1589VF,164000,0,0,164000
1590VF,164500,0,0,164500
1591VF,165000,0,0,165000
1592VF,165500,0,0,165500
1593VF,166000,0,0,166000
1594VF,166500,0,0,166500
1595VF,167000,0,0,167000
1596VF,167500,0,0,167500
1597VF,168000,0,0,168000
1598VF,168500,0,0,168500
1599VF,169000,0,0,169000
1600VF,169500,0,0,169500
1601VF,170000,0,0,170000
1602VF,170500,0,0,170500
1603VF,171000,0,0,171000
1604VF,171500,0,0,171500
1605VF,172000,0,0,172000
1606VF,172500,0,0,172500
1607VF,173000,0,0,173000
1608VF,173500,0,0,173500
1609VF,174000,0,0,174000
1610VF,174500,0,0,174500
1611VF,175000,0,0,175000
1612VF,175500,0,0,175500
1613VF,176000,0,0,176000
1614VF,176500,0,0,176500
1615VF,177000,0,0,177000
1616VF,177500,0,0,177500
1617VF,178000,0,0,178000
1618VF,178500,0,0,178500
1619VF,179000,0,0,179000
1620VF,179500,0,0,179500
1621VF,180000,0,0,180000
1622VF,180500,0,0,180500
1623VF,181000,0,0,181000
1624VF,181500,0,0,181500
1625VF,182000,0,0,182000
1626VF,182500,0,0,182500
1627VF,183000,0,0,183000
1628VF,183500,0,0,183500
1629VF,184000,0,0,184000
1630VF,184500,0,0,184500
1631VF,185000,0,0,185000
1632VF,185500,0,0,185500
1633VF,186000,0,0,186000
1634VF,186500,0,0,186500
1635VF,187000,0,0,187000
1636VF,187500,0,0,187500
1637VF,188000,0,0,188000
1638VF,188500,0,0,188500
1639VF,189000,0,0,189000
1640VF,189500,0,0,189500
1641VF,190000,0,0,190000
1642VF,190500,0,0,190500
1643VF,191000,0,0,191000
1644VF,191500,0,0,191500
1645VF,192000,0,0,192000
1646VF,192500,0,0,192500
1647VF,193000,0,0,193000
1648VF,193500,0,0,193500
1649VF,194000,0,0,194000
1650VF,194500,0,0,194500
1651VF,195000,0,0,195000
1652VF,195500,0,0,195500
1653VF,196000,0,0,196000
1654VF,196500,0,0,196500
1655VF,197000,0,0,197000
1656VF,197500,0,0,197500
1657VF,198000,0,0,198000
1658VF,198500,0,0,198500
1659VF,199000,0,0,199000
1660VF,199500,0,0,199500
1661VF,200000,0,0,200000
